"","Estimate","Std. Error","z value","Pr(>|z|)","Term"
"1",0.0742302140708297,0.0858419380923946,0.864731339021413,0.387186264368849,"(Intercept)"
"2",0.593947500876495,0.0724021790234801,8.20344786424007,2.33588985551723e-16,"BlockSGL034"
"3",0.204990356606659,0.0979864679582118,2.09202720414498,0.0364360822299107,"year2022"
"4",0.10536051565782,0.10026418939805,1.05082897782715,0.293337144227111,"year2023"
"5",-0.0106383982050524,0.103143570603621,-0.103141651416506,0.917850548231831,"year2024"
