"Name","ari (Max)","accuracy","State","Notes","User","Tags","Created","Runtime","Sweep","clustering.min_cluster_size","clustering.reduced_n_dimensions","clustering.reduction_algorithm","data.max_points","data.n_train_samples","name","paths.background_clips_path","paths.labeled_clips_path","paths.save_dir","paths.train_clips_path","preprocessing.clip_duration","preprocessing.high_contrast","preprocessing.overlay","preprocessing.reduce_noise","preprocessing.use_overlay","repeats","results.best_epoch","results.metrics.accuracy","results.metrics.ari","results.metrics.completeness","results.metrics.fmi","results.metrics.homogeneity","results.metrics.nmi","results.metrics.purity","results.metrics.train_loss","results.metrics.v_measure","results.train_time_hrs","strategy","training.arcface_loss_subcenters","training.backbone","training.batch_size","training.clustering_interval_epochs","training.device","training.loss_fn","training.n_clip_replicates","training.n_points_per_batch","training.num_epochs","training.num_workers","save_checkpoints","training.contrastive_loss.different_location_weight","training.contrastive_loss.pseudo_label_weight","training.contrastive_loss.same_clip_weight","training.contrastive_loss.same_location_weight","completeness","fmi","homogeneity","nmi","purity","train_loss","v_measure"
"100 samples","0.2099812873284916","0.24132895217232567","finished","-","","nsamples, v2","2026-04-14T20:38:26.000Z","129","","7","3","tsne","","100","100 samples","/jet/projects/bio200037p/sml161/song25_oven_aiid/background_clips","/jet/projects/bio200037p/sml161/song25_oven_aiid/labeled_clips","/ocean/projects/bio200037p/sammlapp/song25_oven_aiid/training_results","/jet/projects/bio200037p/sml161/song25_oven_aiid/train_clips","3","false","","false","false","5","9","0.3848","0.177","0.5543","0.261","0.5222","0.5378","0.5024","0.2725","0.5378","0.07618125518163046","supervised","1","resnet18","128","1","cuda:0","binary_cross_entropy_loss","2","8","10","5","","","","","","0.43669554939823657","0.1413839922975735","0.4042133511229031","0.41982709740216617","0.4370208105147864","0.265120267868042","0.41982709740216617"
"100 samples","0.18951299841532812","0.32749178532311063","finished","-","","nsamples, v2","2026-04-14T20:33:50.000Z","143","","7","3","tsne","","100","100 samples","/jet/projects/bio200037p/sml161/song25_oven_aiid/background_clips","/jet/projects/bio200037p/sml161/song25_oven_aiid/labeled_clips","/ocean/projects/bio200037p/sammlapp/song25_oven_aiid/training_results","/jet/projects/bio200037p/sml161/song25_oven_aiid/train_clips","3","false","","false","false","5","","","","","","","","","","","","","1","resnet18","128","1","cuda:0","binary_cross_entropy_loss","2","8","10","5","","","","","","0.4753678967205115","0.16399966317907533","0.4586429437973256","0.4668556767879928","0.4914202263599854","0.24580515921115875","0.4668556767879928"
"100 samples","0.26185982377798644","0.35852500912741875","finished","-","","nsamples, v2","2026-04-14T20:40:35.000Z","138","","7","3","tsne","","100","100 samples","/jet/projects/bio200037p/sml161/song25_oven_aiid/background_clips","/jet/projects/bio200037p/sml161/song25_oven_aiid/labeled_clips","/ocean/projects/bio200037p/sammlapp/song25_oven_aiid/training_results","/jet/projects/bio200037p/sml161/song25_oven_aiid/train_clips","3","false","","false","false","5","0","0.4604","0.21","0.5992","0.2792","0.6279","0.6132","0.6532","0.7807","0.6132","0.11268862505753836","supervised","1","resnet18","128","1","cuda:0","binary_cross_entropy_loss","2","8","10","5","","","","","","0.500783039842255","0.18460347436582553","0.5084212777377444","0.5045732535043544","0.5425337714494342","0.2669391632080078","0.5045732535043544"
"100 samples","0.06864036397359058","0.2847754654983571","finished","-","","nsamples, v2","2026-04-14T20:42:54.000Z","125","","7","3","tsne","","100","100 samples","/jet/projects/bio200037p/sml161/song25_oven_aiid/background_clips","/jet/projects/bio200037p/sml161/song25_oven_aiid/labeled_clips","/ocean/projects/bio200037p/sammlapp/song25_oven_aiid/training_results","/jet/projects/bio200037p/sml161/song25_oven_aiid/train_clips","3","false","","false","false","5","1","0.4812","0.2619","0.6078","0.3273","0.6134","0.6106","0.6539","0.646","0.6106","0.15126063505808512","supervised","1","resnet18","128","1","cuda:0","binary_cross_entropy_loss","2","8","10","5","","","","","","0.4289467197439112","0.16832307546367958","0.3701949515412879","0.39741116208848265","0.39576487769258856","0.2714460790157318","0.39741116208848265"
"100 samples","0.17702560231611092","0.384811975173421","finished","-","","nsamples, v2","2026-04-14T20:36:14.000Z","131","","7","3","tsne","","100","100 samples","/jet/projects/bio200037p/sml161/song25_oven_aiid/background_clips","/jet/projects/bio200037p/sml161/song25_oven_aiid/labeled_clips","/ocean/projects/bio200037p/sammlapp/song25_oven_aiid/training_results","/jet/projects/bio200037p/sml161/song25_oven_aiid/train_clips","3","false","","false","false","5","0","0.4396","0.1895","0.5997","0.2712","0.602","0.6008","0.6156","0.7443","0.6008","0.039938104682498504","supervised","1","resnet18","128","1","cuda:0","binary_cross_entropy_loss","2","8","10","5","","","","","","0.5543426522750001","0.2609815676641856","0.522157478030937","0.5377689293816119","0.502373128879153","0.2725227475166321","0.5377689293816119"
"1000 samples","0.1642949671931382","0.38408178167214313","finished","-","","nsamples, v2","2026-04-14T21:02:09.000Z","144","","7","3","tsne","","1000","1000 samples","/jet/projects/bio200037p/sml161/song25_oven_aiid/background_clips","/jet/projects/bio200037p/sml161/song25_oven_aiid/labeled_clips","/ocean/projects/bio200037p/sammlapp/song25_oven_aiid/training_results","/jet/projects/bio200037p/sml161/song25_oven_aiid/train_clips","3","false","","false","false","5","7","0.4016","0.1816","0.5486","0.2398","0.6114","0.5783","0.6265","0.0292","0.5783","0.0844613911708196","supervised","1","resnet18","128","1","cuda:0","binary_cross_entropy_loss","2","8","10","5","","","","","","0.5362702795503839","0.1985629140956225","0.5873457531393532","0.5606471642715438","0.6024096385542169","0.029158297926187515","0.5606471642715438"
"1000 samples","0.17845009318475036","0.41109894121942314","finished","-","","nsamples, v2","2026-04-14T21:04:33.000Z","141","","7","3","tsne","","1000","1000 samples","/jet/projects/bio200037p/sml161/song25_oven_aiid/background_clips","/jet/projects/bio200037p/sml161/song25_oven_aiid/labeled_clips","/ocean/projects/bio200037p/sammlapp/song25_oven_aiid/training_results","/jet/projects/bio200037p/sml161/song25_oven_aiid/train_clips","3","false","","false","false","5","8","0.4111","0.1643","0.5408","0.2293","0.5974","0.5677","0.6225","0.0293","0.5677","0.12450951523251004","supervised","1","resnet18","128","1","cuda:0","binary_cross_entropy_loss","2","8","10","5","","","","","","0.5375470847002305","0.21630058321226192","0.5888857984416097","0.5620465256495791","0.6188389923329682","0.029248688369989395","0.5620465256495791"
"1000 samples","0.1778552441935921","0.4213216502373129","finished","-","","nsamples, v2","2026-04-14T20:57:05.000Z","156","","7","3","tsne","","1000","1000 samples","/jet/projects/bio200037p/sml161/song25_oven_aiid/background_clips","/jet/projects/bio200037p/sml161/song25_oven_aiid/labeled_clips","/ocean/projects/bio200037p/sammlapp/song25_oven_aiid/training_results","/jet/projects/bio200037p/sml161/song25_oven_aiid/train_clips","3","false","","false","false","5","","","","","","","","","","","","","1","resnet18","128","1","cuda:0","binary_cross_entropy_loss","2","8","10","5","","","","","","0.545239399510542","0.2416558436111554","0.6000258731992674","0.5713222160659251","0.6297918948521358","0.029261834919452667","0.571322216065925"
"1000 samples","0.1816315940138332","0.4019715224534502","finished","-","","nsamples, v2","2026-04-14T20:59:41.000Z","147","","7","3","tsne","","1000","1000 samples","/jet/projects/bio200037p/sml161/song25_oven_aiid/background_clips","/jet/projects/bio200037p/sml161/song25_oven_aiid/labeled_clips","/ocean/projects/bio200037p/sammlapp/song25_oven_aiid/training_results","/jet/projects/bio200037p/sml161/song25_oven_aiid/train_clips","3","false","","false","false","5","9","0.4213","0.1779","0.5452","0.2417","0.6","0.5713","0.6298","0.0293","0.5713","0.043388534320725335","supervised","1","resnet18","128","1","cuda:0","binary_cross_entropy_loss","2","8","10","5","","","","","","0.5476008218085303","0.23014349117964633","0.5867992646225594","0.5665228051152381","0.597298284045272","0.02915603667497635","0.5665228051152381"
"1000 samples","0.19034617241676563","0.3818912011683096","finished","-","","nsamples, v2","2026-04-14T21:06:55.000Z","139","","7","3","tsne","","1000","1000 samples","/jet/projects/bio200037p/sml161/song25_oven_aiid/background_clips","/jet/projects/bio200037p/sml161/song25_oven_aiid/labeled_clips","/ocean/projects/bio200037p/sammlapp/song25_oven_aiid/training_results","/jet/projects/bio200037p/sml161/song25_oven_aiid/train_clips","3","false","","false","false","5","5","0.4582","0.1785","0.5685","0.2475","0.604","0.5857","0.6316","0.0294","0.5857","0.16379421220885382","supervised","1","resnet18","128","1","cuda:0","binary_cross_entropy_loss","2","8","10","5","","","","","","0.5117877993517597","0.19973014402578687","0.5263444249170468","0.5189640560846562","0.5593282219788244","0.029225166887044907","0.5189640560846561"
"10000 samples","0.9433152652674262","0.9076305220883534","finished","-","","nsamples, v2","2026-04-14T21:41:40.000Z","283","","7","3","tsne","","10000","10000 samples","/jet/projects/bio200037p/sml161/song25_oven_aiid/background_clips","/jet/projects/bio200037p/sml161/song25_oven_aiid/labeled_clips","/ocean/projects/bio200037p/sammlapp/song25_oven_aiid/training_results","/jet/projects/bio200037p/sml161/song25_oven_aiid/train_clips","3","false","","false","false","5","6","0.9292","0.9418","0.9713","0.9457","0.9431","0.957","0.9357","0.0133","0.957","0.2405964305665758","supervised","1","resnet18","128","1","cuda:0","binary_cross_entropy_loss","2","8","10","5","","","","","","0.9316891552403236","0.9372926492050586","0.9582246051566696","0.9447705938935292","0.968236582694414","0.008115420117974281","0.9447705938935292"
"10000 samples","0.9417765911359146","0.8893756845564075","finished","-","","nsamples, v2","2026-04-14T21:37:00.000Z","279","","7","3","tsne","","10000","10000 samples","/jet/projects/bio200037p/sml161/song25_oven_aiid/background_clips","/jet/projects/bio200037p/sml161/song25_oven_aiid/labeled_clips","/ocean/projects/bio200037p/sammlapp/song25_oven_aiid/training_results","/jet/projects/bio200037p/sml161/song25_oven_aiid/train_clips","3","false","","false","false","5","8","0.9043","0.9353","0.9361","0.9389","0.9599","0.9478","0.9576","0.0069","0.9478","0.16276324484083388","supervised","1","resnet18","128","1","cuda:0","binary_cross_entropy_loss","2","8","10","5","","","","","","0.9386744170239476","0.921724367478763","0.944861795437045","0.9417579435239412","0.9353778751369112","0.008772161789238453","0.941757943523941"
"10000 samples","0.9352872010963522","0.8674698795180723","finished","-","","nsamples, v2","2026-04-14T21:32:15.000Z","284","","7","3","tsne","","10000","10000 samples","/jet/projects/bio200037p/sml161/song25_oven_aiid/background_clips","/jet/projects/bio200037p/sml161/song25_oven_aiid/labeled_clips","/ocean/projects/bio200037p/sammlapp/song25_oven_aiid/training_results","/jet/projects/bio200037p/sml161/song25_oven_aiid/train_clips","3","false","","false","false","5","8","0.9357","0.9471","0.9595","0.9504","0.9501","0.9547","0.9573","0.0104","0.9547","0.08371913353602092","supervised","1","resnet18","128","1","cuda:0","binary_cross_entropy_loss","2","8","10","5","","","","","","0.8978904430105207","0.9081155714809094","0.9531450400679176","0.9246930489485352","0.9602044541803578","0.007539842277765274","0.9246930489485352"
"10000 samples","0.9471158189804104","0.9003285870755751","finished","-","","nsamples, v2","2026-04-14T21:27:14.000Z","301","","7","3","tsne","","10000","10000 samples","/jet/projects/bio200037p/sml161/song25_oven_aiid/background_clips","/jet/projects/bio200037p/sml161/song25_oven_aiid/labeled_clips","/ocean/projects/bio200037p/sammlapp/song25_oven_aiid/training_results","/jet/projects/bio200037p/sml161/song25_oven_aiid/train_clips","3","false","","false","false","5","","","","","","","","","","","","","1","resnet18","128","1","cuda:0","binary_cross_entropy_loss","2","8","10","5","","","","","","0.9228989586989188","0.9376603129487198","0.9517945089431568","0.937124043328344","0.9620299379335524","0.012122867628932","0.9371240433283444"
"10000 samples","0.9452442122647294","0.9441401971522454","finished","-","","nsamples, v2","2026-04-14T21:46:23.000Z","283","","7","3","tsne","","10000","10000 samples","/jet/projects/bio200037p/sml161/song25_oven_aiid/background_clips","/jet/projects/bio200037p/sml161/song25_oven_aiid/labeled_clips","/ocean/projects/bio200037p/sammlapp/song25_oven_aiid/training_results","/jet/projects/bio200037p/sml161/song25_oven_aiid/train_clips","3","false","","false","false","5","8","0.9314","0.9433","0.952","0.9465","0.9622","0.9571","0.973","0.0077","0.9571","0.31929002331362827","supervised","1","resnet18","128","1","cuda:0","binary_cross_entropy_loss","2","8","10","5","","","","","","0.9708072829252296","0.945096874355811","0.951962189727105","0.9612923858019112","0.9539978094194962","0.007263256702572107","0.9612923858019112"
"128 points","0.946449910255478","0.9116465863453816","finished","-","","npoints, v2","2026-04-14T22:24:47.000Z","272","","7","3","tsne","128","10000","128 points","/jet/projects/bio200037p/sml161/song25_oven_aiid/background_clips","/jet/projects/bio200037p/sml161/song25_oven_aiid/labeled_clips","/ocean/projects/bio200037p/sammlapp/song25_oven_aiid/training_results","/jet/projects/bio200037p/sml161/song25_oven_aiid/train_clips","3","false","","false","false","5","2","0.9398","0.9537","0.9482","0.9563","0.9612","0.9547","0.9693","0.0188","0.9547","0.23171964559290145","supervised","1","resnet18","128","1","cuda:0","binary_cross_entropy_loss","2","8","10","5","","","","","","0.9331947081761018","0.9409215148545844","0.9633560276845948","0.9480355364359168","0.9696969696969696","0.0019557075574994087","0.9480355364359168"
"128 points","0.9537338867473466","0.9065352318364368","finished","-","","npoints, v2","2026-04-14T22:20:15.000Z","271","","7","3","tsne","128","10000","128 points","/jet/projects/bio200037p/sml161/song25_oven_aiid/background_clips","/jet/projects/bio200037p/sml161/song25_oven_aiid/labeled_clips","/ocean/projects/bio200037p/sammlapp/song25_oven_aiid/training_results","/jet/projects/bio200037p/sml161/song25_oven_aiid/train_clips","3","false","","false","false","5","5","0.9168","0.9493","0.9459","0.9521","0.9553","0.9506","0.9573","0.007","0.9506","0.15617742823229896","supervised","1","resnet18","128","1","cuda:0","binary_cross_entropy_loss","2","8","10","5","","","","","","0.9335170787233216","0.9229693600781752","0.9532410046045664","0.9432759459741452","0.9572836801752465","0.0025231889449059963","0.943275945974145"
"128 points","0.949280902614201","0.8937568455640745","finished","-","","npoints, v2","2026-04-14T22:15:45.000Z","269","","7","3","tsne","128","10000","128 points","/jet/projects/bio200037p/sml161/song25_oven_aiid/background_clips","/jet/projects/bio200037p/sml161/song25_oven_aiid/labeled_clips","/ocean/projects/bio200037p/sammlapp/song25_oven_aiid/training_results","/jet/projects/bio200037p/sml161/song25_oven_aiid/train_clips","3","false","","false","false","5","7","0.9065","0.9423","0.9371","0.9455","0.9639","0.9503","0.9602","0.0047","0.9503","0.08076122813754612","supervised","1","resnet18","128","1","cuda:0","binary_cross_entropy_loss","2","8","10","5","","","","","","0.9292915696820218","0.9326043900129906","0.9539143390618264","0.9414419839838436","0.9532676159182184","0.004746312275528908","0.9414419839838438"
"128 points","0.9290004310616452","0.9116465863453816","finished","-","","npoints, v2","2026-04-15T03:30:25.000Z","314","","7","3","tsne","128","10000","128 points","/jet/projects/bio200037p/sml161/song25_oven_aiid/background_clips","/jet/projects/bio200037p/sml161/song25_oven_aiid/labeled_clips","/ocean/projects/bio200037p/sammlapp/song25_oven_aiid/training_results","/jet/projects/bio200037p/sml161/song25_oven_aiid/train_clips","3","false","","false","false","5","","","","","","","","","","","","","1","resnet18","128","1","cuda:0","binary_cross_entropy_loss","2","8","10","5","","","","","","0.9529801384753526","0.919282033317204","0.9395702009311586","0.9462276606829684","0.9339174881343556","0.003827802138403058","0.9462276606829684"
"128 points","0.9422627242616964","0.8937568455640745","finished","-","","npoints, v2","2026-04-14T22:10:53.000Z","291","","7","3","tsne","128","10000","128 points","/jet/projects/bio200037p/sml161/song25_oven_aiid/background_clips","/jet/projects/bio200037p/sml161/song25_oven_aiid/labeled_clips","/ocean/projects/bio200037p/sammlapp/song25_oven_aiid/training_results","/jet/projects/bio200037p/sml161/song25_oven_aiid/train_clips","3","false","","false","false","5","","","","","","","","","","","","","1","resnet18","128","1","cuda:0","binary_cross_entropy_loss","2","8","10","5","","","","","","0.926106210658266","0.9347307859903684","0.9593906023786029","0.9424546243373848","0.9569185834246076","0.0031764106824994087","0.9424546243373844"
"16 points","0.7458678937294032","0.7137641474990872","finished","-","","npoints, v2","2026-04-14T21:13:40.000Z","280","","7","3","tsne","16","10000","16 points","/jet/projects/bio200037p/sml161/song25_oven_aiid/background_clips","/jet/projects/bio200037p/sml161/song25_oven_aiid/labeled_clips","/ocean/projects/bio200037p/sammlapp/song25_oven_aiid/training_results","/jet/projects/bio200037p/sml161/song25_oven_aiid/train_clips","3","false","","false","false","5","5","0.7503","0.7407","0.8066","0.7554","0.8172","0.8119","0.8361","0.0007","0.8119","0.23029594673050777","supervised","1","resnet18","128","1","cuda:0","binary_cross_entropy_loss","2","8","10","5","","","","","","0.769361411781903","0.7092287888198059","0.8167929615022694","0.7923680022314233","0.8404527199707923","0.0006496798014268279","0.7923680022314233"
"16 points","0.8122920787628125","0.7820372398685652","finished","-","","npoints, v2","2026-04-14T21:04:32.000Z","268","","7","3","tsne","16","10000","16 points","/jet/projects/bio200037p/sml161/song25_oven_aiid/background_clips","/jet/projects/bio200037p/sml161/song25_oven_aiid/labeled_clips","/ocean/projects/bio200037p/sammlapp/song25_oven_aiid/training_results","/jet/projects/bio200037p/sml161/song25_oven_aiid/train_clips","3","false","","false","false","5","7","0.7463","0.7357","0.8075","0.7506","0.8267","0.817","0.8412","0.0073","0.817","0.07789860526720682","supervised","1","resnet18","128","1","cuda:0","binary_cross_entropy_loss","2","8","10","5","","","","","","0.8145275779488792","0.7294025353288187","0.8524441526270436","0.8330546442273534","0.8762322015334063","0.008501322008669376","0.8330546442273535"
"16 points","0.7357136878177115","0.7115735669952538","finished","-","","npoints, v2","2026-04-14T20:59:52.000Z","279","","7","3","tsne","16","10000","16 points","/jet/projects/bio200037p/sml161/song25_oven_aiid/background_clips","/jet/projects/bio200037p/sml161/song25_oven_aiid/labeled_clips","/ocean/projects/bio200037p/sammlapp/song25_oven_aiid/training_results","/jet/projects/bio200037p/sml161/song25_oven_aiid/train_clips","3","false","","false","false","5","","","","","","","","","","","","","1","resnet18","128","1","cuda:0","binary_cross_entropy_loss","2","8","10","5","","","","","","0.7892914528943867","0.7235212932236011","0.8269025686996022","0.8076593789244554","0.8353413654618473","0.0006538748275488615","0.8076593789244554"
"16 points","0.7877941158705685","0.66557137641475","finished","-","","npoints, v2","2026-04-14T21:18:22.000Z","277","","7","3","tsne","16","10000","16 points","/jet/projects/bio200037p/sml161/song25_oven_aiid/background_clips","/jet/projects/bio200037p/sml161/song25_oven_aiid/labeled_clips","/ocean/projects/bio200037p/sammlapp/song25_oven_aiid/training_results","/jet/projects/bio200037p/sml161/song25_oven_aiid/train_clips","3","false","","false","false","5","1","0.7346","0.7459","0.7809","0.7603","0.8401","0.8094","0.8536","0.0174","0.8094","0.3074733148680793","supervised","1","resnet18","128","1","cuda:0","binary_cross_entropy_loss","2","8","10","5","","","","","","0.8324074997848733","0.6722979973383681","0.7910482859199879","0.8112010584949496","0.7404162102957283","0.006035966333001852","0.8112010584949496"
"16 points","0.740677223037276","0.6396495071193866","finished","-","","npoints, v2","2026-04-14T21:09:00.000Z","280","","7","3","tsne","16","10000","16 points","/jet/projects/bio200037p/sml161/song25_oven_aiid/background_clips","/jet/projects/bio200037p/sml161/song25_oven_aiid/labeled_clips","/ocean/projects/bio200037p/sammlapp/song25_oven_aiid/training_results","/jet/projects/bio200037p/sml161/song25_oven_aiid/train_clips","3","false","","false","false","5","6","0.8054","0.8123","0.8307","0.8227","0.8576","0.844","0.8846","0.0025","0.844","0.1525135283337699","supervised","1","resnet18","128","1","cuda:0","binary_cross_entropy_loss","2","8","10","5","","","","","","0.7657369032210092","0.6296097607911514","0.7724094087301772","0.7690586832529972","0.7583059510770355","0.0012195352464914322","0.7690586832529971"
"1s clips","0.8172056622165907","0.7747353048557868","finished","-","","clip_length, preprocess, v2","2026-04-14T20:33:49.000Z","180","","7","3","tsne","","10000","1s clips","/jet/projects/bio200037p/sml161/song25_oven_aiid/background_clips","/jet/projects/bio200037p/sml161/song25_oven_aiid/labeled_clips","/ocean/projects/bio200037p/sammlapp/song25_oven_aiid/training_results","/jet/projects/bio200037p/sml161/song25_oven_aiid/train_clips","1","false","","false","false","5","","","","","","","","","","","","","1","resnet18","128","1","cuda:0","binary_cross_entropy_loss","2","8","10","5","","","","","","0.835676103656532","0.8297463103057602","0.9215450417849304","0.8765125230374495","0.9273457466228552","0.014648402109742165","0.8765125230374495"
"1s clips","0.8667928131398351","0.8543263964950711","finished","-","","clip_length, preprocess, v2","2026-04-14T20:42:12.000Z","161","","7","3","tsne","","10000","1s clips","/jet/projects/bio200037p/sml161/song25_oven_aiid/background_clips","/jet/projects/bio200037p/sml161/song25_oven_aiid/labeled_clips","/ocean/projects/bio200037p/sammlapp/song25_oven_aiid/training_results","/jet/projects/bio200037p/sml161/song25_oven_aiid/train_clips","1","false","","false","false","5","9","0.8047","0.7995","0.849","0.8121","0.9236","0.8847","0.9321","0.0115","0.8847","0.14002200027306874","supervised","1","resnet18","128","1","cuda:0","binary_cross_entropy_loss","2","8","10","5","","","","","","0.8741295632734359","0.8755443275738803","0.9365243253505778","0.9042518889524148","0.954728002920774","0.017361238598823547","0.9042518889524148"
"1s clips","0.8632759235042058","0.8404527199707923","finished","-","","clip_length, preprocess, v2","2026-04-14T20:44:54.000Z","161","","7","3","tsne","","10000","1s clips","/jet/projects/bio200037p/sml161/song25_oven_aiid/background_clips","/jet/projects/bio200037p/sml161/song25_oven_aiid/labeled_clips","/ocean/projects/bio200037p/sammlapp/song25_oven_aiid/training_results","/jet/projects/bio200037p/sml161/song25_oven_aiid/train_clips","1","false","","false","false","5","9","0.8543","0.8668","0.8741","0.8755","0.9365","0.9043","0.9547","0.0174","0.9043","0.18493161771032543","supervised","1","resnet18","128","1","cuda:0","binary_cross_entropy_loss","2","8","10","5","","","","","","0.8693203508215361","0.8720964746361443","0.934942502131789","0.9009380674448738","0.9463307776560788","0.014724578708410265","0.9009380674448738"
"1s clips","0.799499120304242","0.8046732384081782","finished","-","","clip_length, preprocess, v2","2026-04-14T20:39:32.000Z","160","","7","3","tsne","","10000","1s clips","/jet/projects/bio200037p/sml161/song25_oven_aiid/background_clips","/jet/projects/bio200037p/sml161/song25_oven_aiid/labeled_clips","/ocean/projects/bio200037p/sammlapp/song25_oven_aiid/training_results","/jet/projects/bio200037p/sml161/song25_oven_aiid/train_clips","1","false","","false","false","5","8","0.8744","0.9024","0.8941","0.9081","0.9427","0.9177","0.9558","0.0178","0.9177","0.09544188479582467","supervised","1","resnet18","128","1","cuda:0","binary_cross_entropy_loss","2","8","10","5","","","","","","0.8490317379190659","0.8121491515372731","0.9235507899987268","0.8847248801557754","0.932092004381161","0.011517462320625782","0.8847248801557753"
"1s clips","0.9024074338438812","0.728733114275283","finished","-","","clip_length, preprocess, v2","2026-04-14T20:36:49.000Z","162","","7","3","tsne","","10000","1s clips","/jet/projects/bio200037p/sml161/song25_oven_aiid/background_clips","/jet/projects/bio200037p/sml161/song25_oven_aiid/labeled_clips","/ocean/projects/bio200037p/sammlapp/song25_oven_aiid/training_results","/jet/projects/bio200037p/sml161/song25_oven_aiid/train_clips","1","false","","false","false","5","9","0.7747","0.8172","0.8357","0.8297","0.9215","0.8765","0.9273","0.0146","0.8765","0.05033030145698124","supervised","1","resnet18","128","1","cuda:0","binary_cross_entropy_loss","2","8","10","5","","","","","","0.8119021911490332","0.7945777771387379","0.9141903768577262","0.8600154868348193","0.923694779116466","0.01233538705855608","0.8600154868348192"
"2s clips","0.9439274488964348","0.8656443957648777","finished","-","","clip_length, preprocess, v2","2026-04-14T20:53:50.000Z","174","","7","3","tsne","","10000","2s clips","/jet/projects/bio200037p/sml161/song25_oven_aiid/background_clips","/jet/projects/bio200037p/sml161/song25_oven_aiid/labeled_clips","/ocean/projects/bio200037p/sammlapp/song25_oven_aiid/training_results","/jet/projects/bio200037p/sml161/song25_oven_aiid/train_clips","2","false","","false","false","5","9","0.9241","0.9453","0.9568","0.9483","0.9615","0.9591","0.9598","0.0061","0.9591","0.10011843754185572","supervised","1","resnet18","128","1","cuda:0","binary_cross_entropy_loss","2","8","10","5","","","","","","0.906033361522772","0.8950082163543821","0.9488469898289306","0.9269460719005318","0.9463307776560788","0.00881725549697876","0.9269460719005318"
"2s clips","0.9307937492076944","0.8901058780576853","finished","-","","clip_length, preprocess, v2","2026-04-14T20:59:43.000Z","177","","7","3","tsne","","10000","2s clips","/jet/projects/bio200037p/sml161/song25_oven_aiid/background_clips","/jet/projects/bio200037p/sml161/song25_oven_aiid/labeled_clips","/ocean/projects/bio200037p/sammlapp/song25_oven_aiid/training_results","/jet/projects/bio200037p/sml161/song25_oven_aiid/train_clips","2","false","","false","false","5","7","0.9226","0.9315","0.9307","0.9356","0.9658","0.9479","0.9744","0.0063","0.9479","0.19830868820349376","supervised","1","resnet18","128","1","cuda:0","binary_cross_entropy_loss","2","8","10","5","","","","","","0.9099826633193264","0.92414652519869","0.947950356257561","0.928578566387938","0.95947426067908","0.008645997382700443","0.9285785663879382"
"2s clips","0.9379102634414253","0.8798831690397956","finished","-","","clip_length, preprocess, v2","2026-04-14T20:47:49.000Z","187","","7","3","tsne","","10000","2s clips","/jet/projects/bio200037p/sml161/song25_oven_aiid/background_clips","/jet/projects/bio200037p/sml161/song25_oven_aiid/labeled_clips","/ocean/projects/bio200037p/sammlapp/song25_oven_aiid/training_results","/jet/projects/bio200037p/sml161/song25_oven_aiid/train_clips","2","false","","false","false","5","","","","","","","","","","","","","1","resnet18","128","1","cuda:0","binary_cross_entropy_loss","2","8","10","5","","","","","","0.9142957181475851","0.921982826154261","0.9549711108592316","0.9341908646366444","0.9645856151880248","0.009268050082027912","0.9341908646366444"
"2s clips","0.9315360895036786","0.8901058780576853","finished","-","","clip_length, preprocess, v2","2026-04-14T20:56:45.000Z","178","","7","3","tsne","","10000","2s clips","/jet/projects/bio200037p/sml161/song25_oven_aiid/background_clips","/jet/projects/bio200037p/sml161/song25_oven_aiid/labeled_clips","/ocean/projects/bio200037p/sammlapp/song25_oven_aiid/training_results","/jet/projects/bio200037p/sml161/song25_oven_aiid/train_clips","2","false","","false","false","5","6","0.9248","0.9439","0.9548","0.947","0.9604","0.9576","0.9609","0.0078","0.9576","0.14849960254298317","supervised","1","resnet18","128","1","cuda:0","binary_cross_entropy_loss","2","8","10","5","","","","","","0.9150455601050174","0.9108315657072308","0.9660980573411996","0.939879049953954","0.9759036144578314","0.007751987781375647","0.939879049953954"
"2s clips","0.9452994256035204","0.9240598758671048","finished","-","","clip_length, preprocess, v2","2026-04-14T20:50:57.000Z","172","","7","3","tsne","","10000","2s clips","/jet/projects/bio200037p/sml161/song25_oven_aiid/background_clips","/jet/projects/bio200037p/sml161/song25_oven_aiid/labeled_clips","/ocean/projects/bio200037p/sammlapp/song25_oven_aiid/training_results","/jet/projects/bio200037p/sml161/song25_oven_aiid/train_clips","2","false","","false","false","5","6","0.9025","0.9379","0.9357","0.9414","0.9539","0.9447","0.9503","0.0111","0.9447","0.05159058842394087","supervised","1","resnet18","128","1","cuda:0","binary_cross_entropy_loss","2","8","10","5","","","","","","0.9567848866979806","0.948346761271416","0.9614865596267624","0.9591299612749256","0.9598393574297188","0.006068304181098938","0.9591299612749256"
"32 points","0.9061240801563142","0.8353413654618473","finished","-","","npoints, v2","2026-04-14T21:28:39.000Z","278","","7","3","tsne","32","10000","32 points","/jet/projects/bio200037p/sml161/song25_oven_aiid/background_clips","/jet/projects/bio200037p/sml161/song25_oven_aiid/labeled_clips","/ocean/projects/bio200037p/sammlapp/song25_oven_aiid/training_results","/jet/projects/bio200037p/sml161/song25_oven_aiid/train_clips","3","false","","false","false","5","6","0.8047","0.8309","0.8766","0.8404","0.9012","0.8887","0.8916","0.0027","0.8887","0.08137255642149183","supervised","1","resnet18","128","1","cuda:0","binary_cross_entropy_loss","2","8","10","5","","","","","","0.8706038247262401","0.8884340324433319","0.926243956358154","0.8975624307456003","0.9346476816356336","0.001052636420354247","0.8975624307456002"
"32 points","0.8308608469975878","0.7174151150054765","finished","-","","npoints, v2","2026-04-14T21:23:16.000Z","321","","7","3","tsne","32","10000","32 points","/jet/projects/bio200037p/sml161/song25_oven_aiid/background_clips","/jet/projects/bio200037p/sml161/song25_oven_aiid/labeled_clips","/ocean/projects/bio200037p/sammlapp/song25_oven_aiid/training_results","/jet/projects/bio200037p/sml161/song25_oven_aiid/train_clips","3","false","","false","false","5","","","","","","","","","","","","","1","resnet18","128","1","cuda:0","binary_cross_entropy_loss","2","8","10","5","","","","","","0.8214046886212591","0.757185424354448","0.8901120955605716","0.8543792914557494","0.8696604600219058","0.0013857424492016437","0.8543792914557496"
"32 points","0.86646011482111","0.7984665936473165","finished","-","","npoints, v2","2026-04-14T21:33:18.000Z","275","","7","3","tsne","32","10000","32 points","/jet/projects/bio200037p/sml161/song25_oven_aiid/background_clips","/jet/projects/bio200037p/sml161/song25_oven_aiid/labeled_clips","/ocean/projects/bio200037p/sammlapp/song25_oven_aiid/training_results","/jet/projects/bio200037p/sml161/song25_oven_aiid/train_clips","3","false","","false","false","5","2","0.8686","0.9061","0.9019","0.9114","0.9295","0.9155","0.9339","0.0108","0.9155","0.16602472497357262","supervised","1","resnet18","128","1","cuda:0","binary_cross_entropy_loss","2","8","10","5","","","","","","0.8485646383546761","0.8389809745709043","0.916840089696894","0.8813821179706132","0.9123767798466592","0.0010658057872205973","0.8813821179706133"
"32 points","0.8944956916761903","0.8477546549835706","finished","-","","npoints, v2","2026-04-14T21:42:31.000Z","275","","7","3","tsne","32","10000","32 points","/jet/projects/bio200037p/sml161/song25_oven_aiid/background_clips","/jet/projects/bio200037p/sml161/song25_oven_aiid/labeled_clips","/ocean/projects/bio200037p/sammlapp/song25_oven_aiid/training_results","/jet/projects/bio200037p/sml161/song25_oven_aiid/train_clips","3","false","","false","false","5","2","0.8835","0.9129","0.8945","0.9182","0.9424","0.9178","0.9569","0.0114","0.9178","0.3210573689142863","supervised","1","resnet18","128","1","cuda:0","binary_cross_entropy_loss","2","8","10","5","","","","","","0.8841266878918564","0.882218502780134","0.911036508087922","0.8973799064599475","0.9149324571011318","0.001124812988564372","0.8973799064599475"
"32 points","0.9128688729235468","0.768893756845564","finished","-","","npoints, v2","2026-04-14T21:37:53.000Z","278","","7","3","tsne","32","10000","32 points","/jet/projects/bio200037p/sml161/song25_oven_aiid/background_clips","/jet/projects/bio200037p/sml161/song25_oven_aiid/labeled_clips","/ocean/projects/bio200037p/sammlapp/song25_oven_aiid/training_results","/jet/projects/bio200037p/sml161/song25_oven_aiid/train_clips","3","false","","false","false","5","8","0.8353","0.8665","0.8768","0.8743","0.9231","0.8993","0.9215","0.0081","0.8993","0.2437103705936008","supervised","1","resnet18","128","1","cuda:0","binary_cross_entropy_loss","2","8","10","5","","","","","","0.8475929697776915","0.8056397281817624","0.8907717244877938","0.8686460946235697","0.8875502008032129","0.001013673609122634","0.8686460946235697"
"4s clips","0.9540585735747836","0.8809784592917123","finished","-","","clip_length, preprocess, v2","2026-04-14T21:12:58.000Z","194","","7","3","tsne","","10000","4s clips","/jet/projects/bio200037p/sml161/song25_oven_aiid/background_clips","/jet/projects/bio200037p/sml161/song25_oven_aiid/labeled_clips","/ocean/projects/bio200037p/sammlapp/song25_oven_aiid/training_results","/jet/projects/bio200037p/sml161/song25_oven_aiid/train_clips","4","false","","false","false","5","9","0.8952","0.9085","0.9289","0.9137","0.9405","0.9347","0.9438","0.0108","0.9347","0.1677480058537589","supervised","1","resnet18","128","1","cuda:0","binary_cross_entropy_loss","2","8","10","5","","","","","","0.9132929092041958","0.927334149771616","0.9557826766287376","0.9340548321551482","0.9671412924424972","0.010270830243825912","0.934054832155148"
"4s clips","0.9085276981677908","0.8952172325666301","finished","-","","clip_length, preprocess, v2","2026-04-14T21:09:44.000Z","194","","7","3","tsne","","10000","4s clips","/jet/projects/bio200037p/sml161/song25_oven_aiid/background_clips","/jet/projects/bio200037p/sml161/song25_oven_aiid/labeled_clips","/ocean/projects/bio200037p/sammlapp/song25_oven_aiid/training_results","/jet/projects/bio200037p/sml161/song25_oven_aiid/train_clips","4","false","","false","false","5","9","0.9259","0.9506","0.9563","0.9534","0.9547","0.9555","0.9555","0.0109","0.9555","0.11394477950202096","supervised","1","resnet18","128","1","cuda:0","binary_cross_entropy_loss","2","8","10","5","","","","","","0.9288927030939704","0.9137062936086036","0.9405094746604952","0.9346649946158602","0.9437751004016064","0.0107785202562809","0.9346649946158602"
"4s clips","0.9505832307873188","0.9258853596202994","finished","-","","clip_length, preprocess, v2","2026-04-14T21:06:26.000Z","198","","7","3","tsne","","10000","4s clips","/jet/projects/bio200037p/sml161/song25_oven_aiid/background_clips","/jet/projects/bio200037p/sml161/song25_oven_aiid/labeled_clips","/ocean/projects/bio200037p/sammlapp/song25_oven_aiid/training_results","/jet/projects/bio200037p/sml161/song25_oven_aiid/train_clips","4","false","","false","false","5","8","0.9036","0.9317","0.9335","0.9356","0.96","0.9465","0.9686","0.0076","0.9465","0.05892481850253211","supervised","1","resnet18","128","1","cuda:0","binary_cross_entropy_loss","2","8","10","5","","","","","","0.9562725727910186","0.9534057028012202","0.9547399559738108","0.9555056498091784","0.955458196422052","0.01090375054627657","0.9555056498091784"
"4s clips","0.9317431431120748","0.8831690397955458","finished","-","","clip_length, preprocess, v2","2026-04-14T21:02:54.000Z","212","","7","3","tsne","","10000","4s clips","/jet/projects/bio200037p/sml161/song25_oven_aiid/background_clips","/jet/projects/bio200037p/sml161/song25_oven_aiid/labeled_clips","/ocean/projects/bio200037p/sammlapp/song25_oven_aiid/training_results","/jet/projects/bio200037p/sml161/song25_oven_aiid/train_clips","4","false","","false","false","5","","","","","","","","","","","","","1","resnet18","128","1","cuda:0","binary_cross_entropy_loss","2","8","10","5","","","","","","0.920876681532904","0.9286539888650078","0.9543238775763464","0.9373019874818828","0.9620299379335524","0.009048310108482838","0.9373019874818828"
"4s clips","0.9391769852901758","0.8316903979554582","finished","-","","clip_length, preprocess, v2","2026-04-14T21:16:13.000Z","195","","7","3","tsne","","10000","4s clips","/jet/projects/bio200037p/sml161/song25_oven_aiid/background_clips","/jet/projects/bio200037p/sml161/song25_oven_aiid/labeled_clips","/ocean/projects/bio200037p/sammlapp/song25_oven_aiid/training_results","/jet/projects/bio200037p/sml161/song25_oven_aiid/train_clips","4","false","","false","false","5","7","0.9263","0.9541","0.9431","0.9566","0.9619","0.9524","0.9726","0.0108","0.9524","0.22166075507799785","supervised","1","resnet18","128","1","cuda:0","binary_cross_entropy_loss","2","8","10","5","","","","","","0.8882492270937407","0.8784538501477004","0.942999363034781","0.9148058432708448","0.9419496166484118","0.01424929779022932","0.9148058432708448"
"500 samples","0.17669471726362407","0.46586345381526106","finished","-","","nsamples, v2","2026-04-14T20:54:30.000Z","138","","7","3","tsne","","500","500 samples","/jet/projects/bio200037p/sml161/song25_oven_aiid/background_clips","/jet/projects/bio200037p/sml161/song25_oven_aiid/labeled_clips","/ocean/projects/bio200037p/sammlapp/song25_oven_aiid/training_results","/jet/projects/bio200037p/sml161/song25_oven_aiid/train_clips","3","false","","false","false","5","9","0.3443","0.0829","0.4697","0.1718","0.4774","0.4735","0.5115","0.0347","0.4735","0.1541380053758621","supervised","1","resnet18","128","1","cuda:0","binary_cross_entropy_loss","2","8","10","5","","","","","","0.5807463470910986","0.25227973211930155","0.5904463913524559","0.5855562004025966","0.624315443592552","0.035026371479034424","0.5855562004025967"
"500 samples","0.22831462050681917","0.3705732018985031","finished","-","","nsamples, v2","2026-04-14T20:47:42.000Z","135","","7","3","tsne","","500","500 samples","/jet/projects/bio200037p/sml161/song25_oven_aiid/background_clips","/jet/projects/bio200037p/sml161/song25_oven_aiid/labeled_clips","/ocean/projects/bio200037p/sammlapp/song25_oven_aiid/training_results","/jet/projects/bio200037p/sml161/song25_oven_aiid/train_clips","3","false","","false","false","5","1","0.3958","0.1453","0.5257","0.2247","0.502","0.5136","0.5232","0.1639","0.5136","0.040824658075968426","supervised","1","resnet18","128","1","cuda:0","binary_cross_entropy_loss","2","8","10","5","","","","","","0.5404509176062677","0.1956069978791239","0.5576528899729297","0.5489171679607722","0.5936473165388828","0.03451153635978699","0.5489171679607723"
"500 samples","0.2764308242416783","0.5093099671412924","finished","-","","nsamples, v2","2026-04-14T20:49:58.000Z","133","","7","3","tsne","","500","500 samples","/jet/projects/bio200037p/sml161/song25_oven_aiid/background_clips","/jet/projects/bio200037p/sml161/song25_oven_aiid/labeled_clips","/ocean/projects/bio200037p/sammlapp/song25_oven_aiid/training_results","/jet/projects/bio200037p/sml161/song25_oven_aiid/train_clips","3","false","","false","false","5","1","0.4104","0.2283","0.5867","0.3099","0.5436","0.5643","0.5301","0.1718","0.5643","0.07838930911488003","supervised","1","resnet18","128","1","cuda:0","binary_cross_entropy_loss","2","8","10","5","","","","","","0.6129869011900048","0.3272839032123173","0.6686971204150495","0.6396312488386634","0.6922234392113911","0.034374821931123734","0.6396312488386634"
"500 samples","0.1453330634143412","0.12230741146403797","finished","-","","nsamples, v2","2026-04-14T20:45:17.000Z","145","","7","3","tsne","","500","500 samples","/jet/projects/bio200037p/sml161/song25_oven_aiid/background_clips","/jet/projects/bio200037p/sml161/song25_oven_aiid/labeled_clips","/ocean/projects/bio200037p/sammlapp/song25_oven_aiid/training_results","/jet/projects/bio200037p/sml161/song25_oven_aiid/train_clips","3","false","","false","false","5","","","","","","","","","","","","","1","resnet18","128","1","cuda:0","binary_cross_entropy_loss","2","8","10","5","","","","","","0.8559970850540775","0.2395952312423932","0.026214615068164287","0.05087131372448138","0.12230741146403797","0.034335821866989136","0.050871313724481386"
"500 samples","0.08286130233444033","0.3442862358525009","finished","-","","nsamples, v2","2026-04-14T20:52:12.000Z","138","","7","3","tsne","","500","500 samples","/jet/projects/bio200037p/sml161/song25_oven_aiid/background_clips","/jet/projects/bio200037p/sml161/song25_oven_aiid/labeled_clips","/ocean/projects/bio200037p/sammlapp/song25_oven_aiid/training_results","/jet/projects/bio200037p/sml161/song25_oven_aiid/train_clips","3","false","","false","false","5","9","0.5093","0.2764","0.613","0.3273","0.6687","0.6396","0.6922","0.0344","0.6396","0.1157281384203169","supervised","1","resnet18","128","1","cuda:0","binary_cross_entropy_loss","2","8","10","5","","","","","","0.4696601363495901","0.17176714703107762","0.4774273651800205","0.4735119005695451","0.511500547645126","0.03472836688160896","0.4735119005695452"
"5000 samples","0.37950051709678934","0.49616648411829134","finished","-","","nsamples, v2","2026-04-14T21:13:08.000Z","202","","7","3","tsne","","5000","5000 samples","/jet/projects/bio200037p/sml161/song25_oven_aiid/background_clips","/jet/projects/bio200037p/sml161/song25_oven_aiid/labeled_clips","/ocean/projects/bio200037p/sammlapp/song25_oven_aiid/training_results","/jet/projects/bio200037p/sml161/song25_oven_aiid/train_clips","3","false","","false","false","5","8","0.4582","0.2955","0.6108","0.3388","0.7063","0.6551","0.7054","0.0254","0.6551","0.06002522322866652","supervised","1","resnet18","128","1","cuda:0","binary_cross_entropy_loss","2","8","10","5","","","","","","0.6534957642378645","0.428809847517055","0.6737243144873749","0.6634558847307858","0.6728733114275283","0.02570049837231636","0.6634558847307858"
"5000 samples","0.28547068365380646","0.4775465498357064","finished","-","","nsamples, v2","2026-04-14T21:19:59.000Z","209","","7","3","tsne","","5000","5000 samples","/jet/projects/bio200037p/sml161/song25_oven_aiid/background_clips","/jet/projects/bio200037p/sml161/song25_oven_aiid/labeled_clips","/ocean/projects/bio200037p/sammlapp/song25_oven_aiid/training_results","/jet/projects/bio200037p/sml161/song25_oven_aiid/train_clips","3","false","","false","false","5","7","0.4823","0.2728","0.5944","0.32","0.6561","0.6237","0.6827","0.0232","0.6237","0.17439368923505147","supervised","1","resnet18","128","1","cuda:0","binary_cross_entropy_loss","2","8","10","5","","","","","","0.613289288226302","0.29698992950573383","0.693831435680087","0.6510789394656524","0.7214311792625046","0.023964429274201393","0.6510789394656524"
"5000 samples","0.29546676421252377","0.4790069368382621","finished","-","","nsamples, v2","2026-04-14T21:09:31.000Z","216","","7","3","tsne","","5000","5000 samples","/jet/projects/bio200037p/sml161/song25_oven_aiid/background_clips","/jet/projects/bio200037p/sml161/song25_oven_aiid/labeled_clips","/ocean/projects/bio200037p/sammlapp/song25_oven_aiid/training_results","/jet/projects/bio200037p/sml161/song25_oven_aiid/train_clips","3","false","","false","false","5","","","","","","","","","","","","","1","resnet18","128","1","cuda:0","binary_cross_entropy_loss","2","8","10","5","","","","","","0.6249505588482162","0.3264940247958736","0.7283859055463913","0.672715456509937","0.7367652427893392","0.024175742641091347","0.672715456509937"
"5000 samples","0.2727658581864111","0.4870390653523184","finished","-","","nsamples, v2","2026-04-14T21:16:31.000Z","207","","7","3","tsne","","5000","5000 samples","/jet/projects/bio200037p/sml161/song25_oven_aiid/background_clips","/jet/projects/bio200037p/sml161/song25_oven_aiid/labeled_clips","/ocean/projects/bio200037p/sammlapp/song25_oven_aiid/training_results","/jet/projects/bio200037p/sml161/song25_oven_aiid/train_clips","3","false","","false","false","5","9","0.4962","0.3795","0.6535","0.4288","0.6737","0.6635","0.6729","0.0257","0.6635","0.11664836161666446","supervised","1","resnet18","128","1","cuda:0","binary_cross_entropy_loss","2","8","10","5","","","","","","0.6113151146644333","0.27912590222976486","0.6778664817002882","0.6428730089791832","0.701350857977364","0.02196367084980011","0.6428730089791832"
"5000 samples","0.12264194343010595","0.3413654618473896","finished","-","","nsamples, v2","2026-04-14T21:23:29.000Z","207","","7","3","tsne","","5000","5000 samples","/jet/projects/bio200037p/sml161/song25_oven_aiid/background_clips","/jet/projects/bio200037p/sml161/song25_oven_aiid/labeled_clips","/ocean/projects/bio200037p/sammlapp/song25_oven_aiid/training_results","/jet/projects/bio200037p/sml161/song25_oven_aiid/train_clips","3","false","","false","false","5","8","0.487","0.2855","0.6123","0.3326","0.6863","0.6472","0.7065","0.0247","0.6472","0.2328675321737925","supervised","1","resnet18","128","1","cuda:0","binary_cross_entropy_loss","2","8","10","5","","","","","","0.520943874269832","0.19748012817937763","0.5755610432716846","0.5468922117248693","0.5728368017524644","0.024771181866526604","0.5468922117248695"
"50000 samples","0.9617531027793772","0.9339174881343556","finished","-","","nsamples, v2","2026-04-14T20:50:47.000Z","1067","","7","3","tsne","","50000","50000 samples","/jet/projects/bio200037p/sml161/song25_oven_aiid/background_clips","/jet/projects/bio200037p/sml161/song25_oven_aiid/labeled_clips","/ocean/projects/bio200037p/sammlapp/song25_oven_aiid/training_results","/jet/projects/bio200037p/sml161/song25_oven_aiid/train_clips","3","false","","false","false","5","5","0.935","0.9405","0.9585","0.9442","0.9547","0.9566","0.9558","0.0006","0.9566","0.2824408749739329","supervised","1","resnet18","128","1","cuda:0","binary_cross_entropy_loss","2","8","10","5","","","","","","0.946238915645754","0.9540960648181088","0.9723617429012116","0.9591224907793756","0.976998904709748","0.0001043894371832721","0.9591224907793756"
"50000 samples","0.9400210618023942","0.8535962029937934","finished","-","","nsamples, v2","2026-04-14T21:26:20.000Z","1056","","7","3","tsne","","50000","50000 samples","/jet/projects/bio200037p/sml161/song25_oven_aiid/background_clips","/jet/projects/bio200037p/sml161/song25_oven_aiid/labeled_clips","/ocean/projects/bio200037p/sammlapp/song25_oven_aiid/training_results","/jet/projects/bio200037p/sml161/song25_oven_aiid/train_clips","3","false","","false","false","5","2","0.9339","0.9455","0.9529","0.9486","0.9674","0.9601","0.9752","0.0022","0.9601","0.8744776511854596","supervised","1","resnet18","128","1","cuda:0","binary_cross_entropy_loss","2","8","10","5","","","","","","0.893916659161897","0.8877011927817514","0.9536218933528836","0.9228045562019012","0.9583789704271632","0.0001191812480101362","0.9228045562019012"
"50000 samples","0.9455358899876188","0.8590726542533772","finished","-","","nsamples, v2","2026-04-14T21:08:35.000Z","1064","","7","3","tsne","","50000","50000 samples","/jet/projects/bio200037p/sml161/song25_oven_aiid/background_clips","/jet/projects/bio200037p/sml161/song25_oven_aiid/labeled_clips","/ocean/projects/bio200037p/sammlapp/song25_oven_aiid/training_results","/jet/projects/bio200037p/sml161/song25_oven_aiid/train_clips","3","false","","false","false","5","6","0.9427","0.9618","0.9687","0.964","0.9669","0.9678","0.965","0.0003","0.9678","0.5794006106588576","supervised","1","resnet18","128","1","cuda:0","binary_cross_entropy_loss","2","8","10","5","","","","","","0.8934187502793725","0.8943080929380358","0.9614562039787696","0.9261896584835956","0.9671412924424972","0.00010950380965368822","0.9261896584835956"
"50000 samples","0.9405011287743594","0.8510405257393209","finished","-","","nsamples, v2","2026-04-14T20:33:50.000Z","1016","","7","3","tsne","","50000","50000 samples","/jet/projects/bio200037p/sml161/song25_oven_aiid/background_clips","/jet/projects/bio200037p/sml161/song25_oven_aiid/labeled_clips","/ocean/projects/bio200037p/sammlapp/song25_oven_aiid/training_results","/jet/projects/bio200037p/sml161/song25_oven_aiid/train_clips","3","false","","false","false","5","","","","","","","","","","","","","1","resnet18","128","1","cuda:0","binary_cross_entropy_loss","2","8","10","5","","","","","","0.88839968242687","0.8916570094353887","0.9593954030936996","0.9225336490059126","0.9664110989412196","0.0003609035338740796","0.9225336490059124"
"50000 samples","0.9507315650454168","0.9079956188389924","finished","-","","nsamples, v2","2026-04-14T21:43:56.000Z","1178","","7","3","tsne","","50000","50000 samples","/jet/projects/bio200037p/sml161/song25_oven_aiid/background_clips","/jet/projects/bio200037p/sml161/song25_oven_aiid/labeled_clips","/ocean/projects/bio200037p/sammlapp/song25_oven_aiid/training_results","/jet/projects/bio200037p/sml161/song25_oven_aiid/train_clips","3","false","","false","false","5","3","0.92","0.94","0.9509","0.9434","0.9603","0.9556","0.9587","0.0008","0.9556","1.1685838475492265","supervised","1","resnet18","128","1","cuda:0","binary_cross_entropy_loss","2","8","10","5","","","","","","0.9301655314759456","0.9460609803289812","0.9642489180202884","0.9469006188629476","0.9686016794450528","0.00007087871199473739","0.9469006188629476"
"64 points","0.9446252176958256","0.9273457466228552","finished","-","","npoints, v2","2026-04-14T21:52:22.000Z","274","","7","3","tsne","64","10000","64 points","/jet/projects/bio200037p/sml161/song25_oven_aiid/background_clips","/jet/projects/bio200037p/sml161/song25_oven_aiid/labeled_clips","/ocean/projects/bio200037p/sammlapp/song25_oven_aiid/training_results","/jet/projects/bio200037p/sml161/song25_oven_aiid/train_clips","3","false","","false","false","5","5","0.9189","0.9316","0.9329","0.9354","0.9521","0.9424","0.9646","0.0053","0.9424","0.08283741136391957","supervised","1","resnet18","128","1","cuda:0","binary_cross_entropy_loss","2","8","10","5","","","","","","0.9528492822625508","0.940079432327242","0.942734636184818","0.9477649738540886","0.9477911646586346","0.0013580606319010258","0.9477649738540888"
"64 points","0.9349815365957592","0.8886454910551296","finished","-","","npoints, v2","2026-04-14T22:06:03.000Z","273","","7","3","tsne","64","10000","64 points","/jet/projects/bio200037p/sml161/song25_oven_aiid/background_clips","/jet/projects/bio200037p/sml161/song25_oven_aiid/labeled_clips","/ocean/projects/bio200037p/sammlapp/song25_oven_aiid/training_results","/jet/projects/bio200037p/sml161/song25_oven_aiid/train_clips","3","false","","false","false","5","4","0.8949","0.9306","0.911","0.9345","0.9473","0.9288","0.9591","0.0027","0.9288","0.3110912290546629","supervised","1","resnet18","128","1","cuda:0","binary_cross_entropy_loss","2","8","10","5","","","","","","0.9092815187240032","0.9248983922019708","0.9501316305145252","0.9292578492690156","0.9605695509309968","0.0032851137220859528","0.9292578492690156"
"64 points","0.948320110104266","0.8930266520627966","finished","-","","npoints, v2","2026-04-14T21:56:57.000Z","272","","7","3","tsne","64","10000","64 points","/jet/projects/bio200037p/sml161/song25_oven_aiid/background_clips","/jet/projects/bio200037p/sml161/song25_oven_aiid/labeled_clips","/ocean/projects/bio200037p/sammlapp/song25_oven_aiid/training_results","/jet/projects/bio200037p/sml161/song25_oven_aiid/train_clips","3","false","","false","false","5","6","0.9332","0.9446","0.9559","0.9478","0.95","0.9529","0.9529","0.0021","0.9529","0.15938000758488974","supervised","1","resnet18","128","1","cuda:0","binary_cross_entropy_loss","2","8","10","5","","","","","","0.918117822488515","0.9339988940817776","0.9550754978597468","0.9362320769370436","0.964220518437386","0.0019201058894395828","0.9362320769370436"
"64 points","0.9316267606154478","0.8988682000730194","finished","-","","npoints, v2","2026-04-14T21:47:23.000Z","298","","7","3","tsne","64","10000","64 points","/jet/projects/bio200037p/sml161/song25_oven_aiid/background_clips","/jet/projects/bio200037p/sml161/song25_oven_aiid/labeled_clips","/ocean/projects/bio200037p/sammlapp/song25_oven_aiid/training_results","/jet/projects/bio200037p/sml161/song25_oven_aiid/train_clips","3","false","","false","false","5","","","","","","","","","","","","","1","resnet18","128","1","cuda:0","binary_cross_entropy_loss","2","8","10","5","","","","","","0.9361191712109362","0.9338005049465372","0.9507438130092734","0.9433748159896024","0.9514421321650236","0.001195851480588317","0.9433748159896026"
"64 points","0.930604967726784","0.9021540708287696","finished","-","","npoints, v2","2026-04-14T22:01:29.000Z","274","","7","3","tsne","64","10000","64 points","/jet/projects/bio200037p/sml161/song25_oven_aiid/background_clips","/jet/projects/bio200037p/sml161/song25_oven_aiid/labeled_clips","/ocean/projects/bio200037p/sammlapp/song25_oven_aiid/training_results","/jet/projects/bio200037p/sml161/song25_oven_aiid/train_clips","3","false","","false","false","5","4","0.9281","0.9483","0.9396","0.9512","0.9581","0.9487","0.9693","0.0053","0.9487","0.23509742140769957","supervised","1","resnet18","128","1","cuda:0","binary_cross_entropy_loss","2","8","10","5","","","","","","0.93269659299126","0.924539104051128","0.9390768137114108","0.9358758293811495","0.9415845198977728","0.0013950350694358349","0.9358758293811498"
"8 points","0.1907177715800955","0.33150784958013874","finished","-","","npoints, v2","2026-04-14T20:33:49.000Z","324","","7","3","tsne","8","10000","8 points","/jet/projects/bio200037p/sml161/song25_oven_aiid/background_clips","/jet/projects/bio200037p/sml161/song25_oven_aiid/labeled_clips","/ocean/projects/bio200037p/sammlapp/song25_oven_aiid/training_results","/jet/projects/bio200037p/sml161/song25_oven_aiid/train_clips","3","false","","false","false","5","","","","","","","","","","","","","1","resnet18","128","1","cuda:0","binary_cross_entropy_loss","2","8","10","5","","","","","","0.5087199088203923","0.1936212567478698","0.5656382943277767","0.5356713630008256","0.5830595107703541","0.0008671229588799179","0.5356713630008255"
"8 points","0.16413442077231685","0.3023001095290252","finished","-","","npoints, v2","2026-04-14T20:39:13.000Z","311","","7","3","tsne","8","10000","8 points","/jet/projects/bio200037p/sml161/song25_oven_aiid/background_clips","/jet/projects/bio200037p/sml161/song25_oven_aiid/labeled_clips","/ocean/projects/bio200037p/sammlapp/song25_oven_aiid/training_results","/jet/projects/bio200037p/sml161/song25_oven_aiid/train_clips","3","false","","false","false","5","6","0.3764","0.1907","0.5231","0.2481","0.5871","0.5533","0.613","0.0023","0.5533","0.09020347913106284","supervised","1","resnet18","128","1","cuda:0","binary_cross_entropy_loss","2","8","10","5","","","","","","0.4768661912078869","0.17457751825518206","0.5163407782915634","0.49581903444214626","0.515881708652793","0.003951140679419041","0.49581903444214626"
"8 points","0.25516279252072005","0.3333333333333333","finished","-","","npoints, v2","2026-04-14T20:44:25.000Z","310","","7","3","tsne","8","10000","8 points","/jet/projects/bio200037p/sml161/song25_oven_aiid/background_clips","/jet/projects/bio200037p/sml161/song25_oven_aiid/labeled_clips","/ocean/projects/bio200037p/sammlapp/song25_oven_aiid/training_results","/jet/projects/bio200037p/sml161/song25_oven_aiid/train_clips","3","false","","false","false","5","2","0.376","0.1641","0.5104","0.2215","0.5868","0.546","0.6064","0.0025","0.546","0.17657113850116732","supervised","1","resnet18","128","1","cuda:0","binary_cross_entropy_loss","2","8","10","5","","","","","","0.5096591084233841","0.2172941666785468","0.5726161737407701","0.5393065024897534","0.5896312522818546","0.011138595640659332","0.5393065024897533"
"8 points","0.18491215047843132","0.3008397225264695","finished","-","","npoints, v2","2026-04-14T20:49:36.000Z","313","","7","3","tsne","8","10000","8 points","/jet/projects/bio200037p/sml161/song25_oven_aiid/background_clips","/jet/projects/bio200037p/sml161/song25_oven_aiid/labeled_clips","/ocean/projects/bio200037p/sammlapp/song25_oven_aiid/training_results","/jet/projects/bio200037p/sml161/song25_oven_aiid/train_clips","3","false","","false","false","5","1","0.4261","0.2552","0.5438","0.304","0.6093","0.5747","0.6214","0.0058","0.5747","0.2631010942326652","supervised","1","resnet18","128","1","cuda:0","binary_cross_entropy_loss","2","8","10","5","","","","","","0.478799488337753","0.20186491987801208","0.5450246145415677","0.5097701955640382","0.5494706097115736","0.00802740640938282","0.5097701955640382"
"8 points","0.21512893828011057","0.3603504928806134","finished","-","","npoints, v2","2026-04-14T20:54:50.000Z","284","","7","3","tsne","8","10000","8 points","/jet/projects/bio200037p/sml161/song25_oven_aiid/background_clips","/jet/projects/bio200037p/sml161/song25_oven_aiid/labeled_clips","/ocean/projects/bio200037p/sammlapp/song25_oven_aiid/training_results","/jet/projects/bio200037p/sml161/song25_oven_aiid/train_clips","3","false","","false","false","5","6","0.3687","0.1849","0.4973","0.2381","0.5441","0.5197","0.563","0.011","0.5197","0.3501667106151581","supervised","1","resnet18","128","1","cuda:0","binary_cross_entropy_loss","2","8","10","5","","","","","","0.562672301230827","0.2889078550748043","0.5393849503097656","0.5507825855976272","0.5100401606425703","0.0006586920935660601","0.5507825855976272"
"Arcface 8","0.8346635207885655","0.6221248630887185","finished","-","","loss, v2","2026-04-15T03:30:27.000Z","1965","","7","3","tsne","","","Arcface 8","/jet/projects/bio200037p/sml161/song25_oven_aiid/background_clips","/jet/projects/bio200037p/sml161/song25_oven_aiid/labeled_clips","/ocean/projects/bio200037p/sammlapp/song25_oven_aiid/training_results","/jet/projects/bio200037p/sml161/song25_oven_aiid/train_clips","3","false","","false","false","5","","","","","","","","","","","","","8","resnet18","128","1","cuda:0","subcenter_arcface_loss","2","8","10","5","","","","","","0.7664864042217724","0.6236028684849803","0.8299859436234588","0.7969733297807585","0.7922599488864549","2.664360761642456","0.7969733297807585"
"Arcface 8","0.8490933084153601","0.5198977729098211","finished","-","","loss, v2","2026-04-14T21:48:18.000Z","1851","","7","3","tsne","","","Arcface 8","/jet/projects/bio200037p/sml161/song25_oven_aiid/background_clips","/jet/projects/bio200037p/sml161/song25_oven_aiid/labeled_clips","/ocean/projects/bio200037p/sammlapp/song25_oven_aiid/training_results","/jet/projects/bio200037p/sml161/song25_oven_aiid/train_clips","3","false","","false","false","5","0","0.7528","0.7656","0.8118","0.7793","0.8776","0.8434","0.8755","11.5249","0.8434","1.0433336632119283","arcface","8","resnet18","128","1","cuda:0","subcenter_arcface_loss","2","8","10","5","","","","","","0.6556400211971042","0.3970265637421896","0.8112961402032062","0.7252097706176927","0.8240233661920409","0.2229968011379242","0.7252097706176928"
"Arcface 8","0.7655570216979385","0.6294267981014969","finished","-","","loss, v2","2026-04-14T21:17:13.000Z","1864","","7","3","tsne","","","Arcface 8","/jet/projects/bio200037p/sml161/song25_oven_aiid/background_clips","/jet/projects/bio200037p/sml161/song25_oven_aiid/labeled_clips","/ocean/projects/bio200037p/sammlapp/song25_oven_aiid/training_results","/jet/projects/bio200037p/sml161/song25_oven_aiid/train_clips","3","false","","false","false","5","7","0.774","0.7745","0.8378","0.787","0.8623","0.8499","0.862","2.3687","0.8499","0.5255189205540551","arcface","8","resnet18","128","1","cuda:0","subcenter_arcface_loss","2","8","10","5","","","","","","0.7252515129944319","0.6208877701989104","0.8113716206373315","0.7658982643026963","0.8316903979554582","0.5431463718414307","0.7658982643026963"
"Arcface 8","0.774513357538751","0.74662285505659","finished","-","","loss, v2","2026-04-14T20:45:42.000Z","1891","","7","3","tsne","","","Arcface 8","/jet/projects/bio200037p/sml161/song25_oven_aiid/background_clips","/jet/projects/bio200037p/sml161/song25_oven_aiid/labeled_clips","/ocean/projects/bio200037p/sammlapp/song25_oven_aiid/training_results","/jet/projects/bio200037p/sml161/song25_oven_aiid/train_clips","3","false","","false","false","5","","","","","","","","","","","","","8","resnet18","128","1","cuda:0","subcenter_arcface_loss","2","8","10","5","","","","","","0.8098576624535285","0.7584288775088672","0.865107425964013","0.8365713203304127","0.8758671047827674","1.349125623703003","0.8365713203304127"
"Arcface 8","0.8489181780605325","0.6739686016794451","finished","-","","loss, v2","2026-04-15T04:03:13.000Z","1726","","7","3","tsne","","","Arcface 8","/jet/projects/bio200037p/sml161/song25_oven_aiid/background_clips","/jet/projects/bio200037p/sml161/song25_oven_aiid/labeled_clips","/ocean/projects/bio200037p/sammlapp/song25_oven_aiid/training_results","/jet/projects/bio200037p/sml161/song25_oven_aiid/train_clips","3","false","","false","false","5","0","0.8368","0.8347","0.8705","0.844","0.903","0.8865","0.9215","3.7676","0.8865","0.5461444797118505","arcface","8","resnet18","128","1","cuda:0","subcenter_arcface_loss","2","8","10","5","","","","","","0.7473295282028042","0.6309895452759393","0.8559063074339256","0.7979413168074094","0.8667396860167944","0.05044214427471161","0.7979413168074097"
"Arcface loss 1","0.8994796638549104","0.8156261409273458","finished","-","","loss, v2","2026-04-14T21:41:42.000Z","288","","7","3","tsne","","10000","Arcface loss 1","/jet/projects/bio200037p/sml161/song25_oven_aiid/background_clips","/jet/projects/bio200037p/sml161/song25_oven_aiid/labeled_clips","/ocean/projects/bio200037p/sammlapp/song25_oven_aiid/training_results","/jet/projects/bio200037p/sml161/song25_oven_aiid/train_clips","3","false","","false","false","5","2","0.87","0.9008","0.8886","0.9064","0.9344","0.9109","0.9463","25.4655","0.9109","0.3266909690697988","arcface","1","resnet18","128","1","cuda:0","subcenter_arcface_loss","2","8","10","5","","","","","","0.8513882411644493","0.8706748829553235","0.9189425499109708","0.8838764882178954","0.9269806498722162","12.7842435836792","0.8838764882178954"
"Arcface loss 1","0.8594493547396335","0.7864184008762322","finished","-","","loss, v2","2026-04-14T21:27:17.000Z","285","","7","3","tsne","","10000","Arcface loss 1","/jet/projects/bio200037p/sml161/song25_oven_aiid/background_clips","/jet/projects/bio200037p/sml161/song25_oven_aiid/labeled_clips","/ocean/projects/bio200037p/sammlapp/song25_oven_aiid/training_results","/jet/projects/bio200037p/sml161/song25_oven_aiid/train_clips","3","false","","false","false","5","2","0.8635","0.9085","0.8846","0.9143","0.9434","0.9131","0.9514","26.9641","0.9131","0.0847369470861223","arcface","1","resnet18","128","1","cuda:0","subcenter_arcface_loss","2","8","10","5","","","","","","0.8287819829107819","0.804951940098163","0.9004404056947397","0.8631264432407458","0.9109163928441036","5.559123992919922","0.8631264432407458"
"Arcface loss 1","0.9227994442495838","0.7637824023366192","finished","-","","loss, v2","2026-04-14T21:32:03.000Z","290","","7","3","tsne","","10000","Arcface loss 1","/jet/projects/bio200037p/sml161/song25_oven_aiid/background_clips","/jet/projects/bio200037p/sml161/song25_oven_aiid/labeled_clips","/ocean/projects/bio200037p/sammlapp/song25_oven_aiid/training_results","/jet/projects/bio200037p/sml161/song25_oven_aiid/train_clips","3","false","","false","false","5","3","0.8222","0.8594","0.8611","0.8682","0.9298","0.8941","0.9372","14.6779","0.8941","0.16563076939847737","arcface","1","resnet18","128","1","cuda:0","subcenter_arcface_loss","2","8","10","5","","","","","","0.8193081055280115","0.8401748820412002","0.9005691942140732","0.8580189302098101","0.9160277473530486","5.971404075622559","0.85801893020981"
"Arcface loss 1","0.900771218940119","0.7995618838992333","finished","-","","loss, v2","2026-04-14T21:36:54.000Z","287","","7","3","tsne","","10000","Arcface loss 1","/jet/projects/bio200037p/sml161/song25_oven_aiid/background_clips","/jet/projects/bio200037p/sml161/song25_oven_aiid/labeled_clips","/ocean/projects/bio200037p/sammlapp/song25_oven_aiid/training_results","/jet/projects/bio200037p/sml161/song25_oven_aiid/train_clips","3","false","","false","false","5","2","0.8813","0.9228","0.9014","0.9274","0.9469","0.9236","0.9558","22.6483","0.9236","0.24536137309339312","arcface","1","resnet18","128","1","cuda:0","subcenter_arcface_loss","2","8","10","5","","","","","","0.8472574967602678","0.8295826750055775","0.8975145985780562","0.8716622350033497","0.8944870390653523","6.074894905090332","0.8716622350033497"
"Arcface loss 1","0.9085117658579208","0.8576122672508215","finished","-","","loss, v2","2026-04-14T21:22:06.000Z","309","","7","3","tsne","","10000","Arcface loss 1","/jet/projects/bio200037p/sml161/song25_oven_aiid/background_clips","/jet/projects/bio200037p/sml161/song25_oven_aiid/labeled_clips","/ocean/projects/bio200037p/sammlapp/song25_oven_aiid/training_results","/jet/projects/bio200037p/sml161/song25_oven_aiid/train_clips","3","false","","false","false","5","","","","","","","","","","","","","1","resnet18","128","1","cuda:0","subcenter_arcface_loss","2","8","10","5","","","","","","0.8765262671785847","0.8739419528172565","0.9162387898095202","0.8959426815527132","0.9247900693683826","5.108612537384033","0.8959426815527131"
"Arcface loss 2","0.9189244899084454","0.882073749543629","finished","-","","loss, v2","2026-04-14T21:46:48.000Z","302","","7","3","tsne","","10000","Arcface loss 2","/jet/projects/bio200037p/sml161/song25_oven_aiid/background_clips","/jet/projects/bio200037p/sml161/song25_oven_aiid/labeled_clips","/ocean/projects/bio200037p/sammlapp/song25_oven_aiid/training_results","/jet/projects/bio200037p/sml161/song25_oven_aiid/train_clips","3","false","","false","false","5","","","","","","","","","","","","","2","resnet18","128","1","cuda:0","subcenter_arcface_loss","2","8","10","5","","","","","","0.8945878444920469","0.8908053113442236","0.9242467585459198","0.9091754842637514","0.9262504563709384","5.958121299743652","0.9091754842637516"
"Arcface loss 2","0.8997797687693831","0.8663745892661555","finished","-","","loss, v2","2026-04-14T21:56:36.000Z","286","","7","3","tsne","","10000","Arcface loss 2","/jet/projects/bio200037p/sml161/song25_oven_aiid/background_clips","/jet/projects/bio200037p/sml161/song25_oven_aiid/labeled_clips","/ocean/projects/bio200037p/sammlapp/song25_oven_aiid/training_results","/jet/projects/bio200037p/sml161/song25_oven_aiid/train_clips","3","false","","false","false","5","9","0.8569","0.8906","0.8853","0.8974","0.9315","0.9078","0.9299","4.9371","0.9078","0.16328509767850238","arcface","2","resnet18","128","1","cuda:0","subcenter_arcface_loss","2","8","10","5","","","","","","0.879901722523869","0.8985394454980064","0.9299904578568778","0.9042529877408306","0.9397590361445785","4.102118015289307","0.9042529877408308"
"Arcface loss 2","0.8847611510636338","0.7769258853596203","finished","-","","loss, v2","2026-04-14T22:06:13.000Z","270","","7","3","tsne","","10000","Arcface loss 2","/jet/projects/bio200037p/sml161/song25_oven_aiid/background_clips","/jet/projects/bio200037p/sml161/song25_oven_aiid/labeled_clips","/ocean/projects/bio200037p/sammlapp/song25_oven_aiid/training_results","/jet/projects/bio200037p/sml161/song25_oven_aiid/train_clips","3","false","","false","false","5","2","0.8686","0.904","0.8885","0.91","0.9447","0.9158","0.9522","21.5282","0.9158","0.3237441655662325","arcface","2","resnet18","128","1","cuda:0","subcenter_arcface_loss","2","8","10","5","","","","","","0.8300013321503199","0.8173815575531315","0.9104414602422064","0.8683624973471537","0.9149324571011318","8.32174301147461","0.8683624973471535"
"Arcface loss 2","0.8906097954639335","0.8568820737495436","finished","-","","loss, v2","2026-04-14T21:51:50.000Z","285","","7","3","tsne","","10000","Arcface loss 2","/jet/projects/bio200037p/sml161/song25_oven_aiid/background_clips","/jet/projects/bio200037p/sml161/song25_oven_aiid/labeled_clips","/ocean/projects/bio200037p/sammlapp/song25_oven_aiid/training_results","/jet/projects/bio200037p/sml161/song25_oven_aiid/train_clips","3","false","","false","false","5","3","0.8854","0.9189","0.8994","0.9237","0.9466","0.9224","0.9533","15.5394","0.9224","0.08417208857006497","arcface","2","resnet18","128","1","cuda:0","subcenter_arcface_loss","2","8","10","5","","","","","","0.8853293859293465","0.8974487186532101","0.931489488972222","0.9078230402203382","0.9299014238773274","4.937136173248291","0.907823040220338"
"Arcface loss 2","0.9040116625258507","0.8262139466958744","finished","-","","loss, v2","2026-04-14T22:01:22.000Z","290","","7","3","tsne","","10000","Arcface loss 2","/jet/projects/bio200037p/sml161/song25_oven_aiid/background_clips","/jet/projects/bio200037p/sml161/song25_oven_aiid/labeled_clips","/ocean/projects/bio200037p/sammlapp/song25_oven_aiid/training_results","/jet/projects/bio200037p/sml161/song25_oven_aiid/train_clips","3","false","","false","false","5","2","0.8675","0.8998","0.8842","0.906","0.9401","0.9113","0.9489","22.7843","0.9113","0.24284318559699583","arcface","2","resnet18","128","1","cuda:0","subcenter_arcface_loss","2","8","10","5","","","","","","0.8634624293609432","0.8659103244885834","0.9239553738153709","0.8926852471514989","0.9288061336254108","6.283735275268555","0.8926852471514988"
"Arcface loss 4","0.9091093439473412","0.8046732384081782","finished","-","","loss, v2","2026-04-14T23:05:07.000Z","286","","7","3","tsne","","10000","Arcface loss 4","/jet/projects/bio200037p/sml161/song25_oven_aiid/background_clips","/jet/projects/bio200037p/sml161/song25_oven_aiid/labeled_clips","/ocean/projects/bio200037p/sammlapp/song25_oven_aiid/training_results","/jet/projects/bio200037p/sml161/song25_oven_aiid/train_clips","3","false","","false","false","5","3","0.8813","0.9113","0.8996","0.9165","0.9388","0.9188","0.9471","19.2802","0.9188","0.2423025800784429","arcface","4","resnet18","128","1","cuda:0","subcenter_arcface_loss","2","8","10","5","","","","","","0.8426558000109571","0.8439145246516825","0.9143596361996524","0.8770446005884593","0.923694779116466","8.671754837036133","0.8770446005884593"
"Arcface loss 4","0.920499670644958","0.836801752464403","finished","-","","loss, v2","2026-04-14T22:49:48.000Z","309","","7","3","tsne","","10000","Arcface loss 4","/jet/projects/bio200037p/sml161/song25_oven_aiid/background_clips","/jet/projects/bio200037p/sml161/song25_oven_aiid/labeled_clips","/ocean/projects/bio200037p/sammlapp/song25_oven_aiid/training_results","/jet/projects/bio200037p/sml161/song25_oven_aiid/train_clips","3","false","","false","false","5","","","","","","","","","","","","","4","resnet18","128","1","cuda:0","subcenter_arcface_loss","2","8","10","5","","","","","","0.8861641149904966","0.8796172525059314","0.9035349195098024","0.8947652168052616","0.891201168309602","3.921806335449219","0.8947652168052614"
"Arcface loss 4","0.904950880349714","0.7886089813800657","finished","-","","loss, v2","2026-04-14T22:55:00.000Z","283","","7","3","tsne","","10000","Arcface loss 4","/jet/projects/bio200037p/sml161/song25_oven_aiid/background_clips","/jet/projects/bio200037p/sml161/song25_oven_aiid/labeled_clips","/ocean/projects/bio200037p/sammlapp/song25_oven_aiid/training_results","/jet/projects/bio200037p/sml161/song25_oven_aiid/train_clips","3","false","","false","false","5","3","0.9069","0.9205","0.95","0.9257","0.9274","0.9386","0.9204","14.7138","0.9386","0.08051873809761471","arcface","4","resnet18","128","1","cuda:0","subcenter_arcface_loss","2","8","10","5","","","","","","0.8284631276893993","0.7791712688243957","0.8970073940102172","0.8613738013561882","0.9127418765972984","5.076184272766113","0.8613738013561882"
"Arcface loss 4","0.9201833522639258","0.8714859437751004","finished","-","","loss, v2","2026-04-14T22:15:48.000Z","281","","7","3","tsne","","10000","Arcface loss 4","/jet/projects/bio200037p/sml161/song25_oven_aiid/background_clips","/jet/projects/bio200037p/sml161/song25_oven_aiid/labeled_clips","/ocean/projects/bio200037p/sammlapp/song25_oven_aiid/training_results","/jet/projects/bio200037p/sml161/song25_oven_aiid/train_clips","3","false","","false","false","5","5","0.9098","0.9088","0.9168","0.9139","0.9304","0.9235","0.9284","13.3643","0.9235","0.08023952490753598","arcface","4","resnet18","128","1","cuda:0","subcenter_arcface_loss","2","8","10","5","","","","","","0.8955493751937199","0.904029957281916","0.9219286045287132","0.908547553225375","0.9218692953632712","7.073862075805664","0.908547553225375"
"Arcface loss 4","0.875132071384538","0.8335158817086528","finished","-","","loss, v2","2026-04-14T23:09:55.000Z","301","","7","3","tsne","","10000","Arcface loss 4","/jet/projects/bio200037p/sml161/song25_oven_aiid/background_clips","/jet/projects/bio200037p/sml161/song25_oven_aiid/labeled_clips","/ocean/projects/bio200037p/sammlapp/song25_oven_aiid/training_results","/jet/projects/bio200037p/sml161/song25_oven_aiid/train_clips","3","false","","false","false","5","3","0.8711","0.9091","0.8903","0.9148","0.9454","0.917","0.9529","15.1697","0.917","0.3319112031989627","arcface","4","resnet18","128","1","cuda:0","subcenter_arcface_loss","2","8","10","5","","","","","","0.8538466350747115","0.870867629079732","0.917449366244488","0.8845060945611153","0.9244249726177436","6.8157854080200195","0.8845060945611153"
"Arcface loss 4","0.9125516845001066","0.8294998174516247","finished","-","","loss, v2","2026-04-14T22:20:30.000Z","288","","7","3","tsne","","10000","Arcface loss 4","/jet/projects/bio200037p/sml161/song25_oven_aiid/background_clips","/jet/projects/bio200037p/sml161/song25_oven_aiid/labeled_clips","/ocean/projects/bio200037p/sammlapp/song25_oven_aiid/training_results","/jet/projects/bio200037p/sml161/song25_oven_aiid/train_clips","3","false","","false","false","5","3","0.904","0.9202","0.9451","0.9247","0.948","0.9466","0.9445","16.702","0.9466","0.1584469466076957","arcface","4","resnet18","128","1","cuda:0","subcenter_arcface_loss","2","8","10","5","","","","","","0.8554886043802551","0.8723607995201885","0.9212143138882222","0.8871357609874332","0.9313618108798832","5.873775482177734","0.8871357609874332"
"Arcface loss 4","0.8597828145698784","0.8473895582329317","finished","-","","loss, v2","2026-04-14T22:25:18.000Z","274","","7","3","tsne","","10000","Arcface loss 4","/jet/projects/bio200037p/sml161/song25_oven_aiid/background_clips","/jet/projects/bio200037p/sml161/song25_oven_aiid/labeled_clips","/ocean/projects/bio200037p/sammlapp/song25_oven_aiid/training_results","/jet/projects/bio200037p/sml161/song25_oven_aiid/train_clips","3","false","","false","false","5","4","0.8923","0.9126","0.9152","0.9175","0.9427","0.9287","0.946","10.8864","0.9287","0.2386436113384035","arcface","4","resnet18","128","1","cuda:0","subcenter_arcface_loss","2","8","10","5","","","","","","0.8620500363871697","0.8629817747139567","0.9075108632379107","0.884196495121184","0.9167579408543264","7.53015661239624","0.884196495121184"
"Arcface loss 4","0.9113488598977302","0.8335158817086528","finished","-","","loss, v2","2026-04-14T22:59:47.000Z","311","","7","3","tsne","","10000","Arcface loss 4","/jet/projects/bio200037p/sml161/song25_oven_aiid/background_clips","/jet/projects/bio200037p/sml161/song25_oven_aiid/labeled_clips","/ocean/projects/bio200037p/sammlapp/song25_oven_aiid/training_results","/jet/projects/bio200037p/sml161/song25_oven_aiid/train_clips","3","false","","false","false","5","3","0.8726","0.905","0.8872","0.9106","0.9404","0.913","0.9493","16.7452","0.913","0.16216851280795205","arcface","4","resnet18","128","1","cuda:0","subcenter_arcface_loss","2","8","10","5","","","","","","0.8518088142989869","0.8488443004533123","0.9260887000693788","0.8873970644163286","0.9350127783862724","5.929719924926758","0.8873970644163287"
"Arcface loss 4","0.9088011459636092","0.8214676889375685","finished","-","","loss, v2","2026-04-14T22:11:00.000Z","288","","7","3","tsne","","10000","Arcface loss 4","/jet/projects/bio200037p/sml161/song25_oven_aiid/background_clips","/jet/projects/bio200037p/sml161/song25_oven_aiid/labeled_clips","/ocean/projects/bio200037p/sammlapp/song25_oven_aiid/training_results","/jet/projects/bio200037p/sml161/song25_oven_aiid/train_clips","3","false","","false","false","5","","","","","","","","","","","","","4","resnet18","128","1","cuda:0","subcenter_arcface_loss","2","8","10","5","","","","","","0.8629971635547217","0.8530132140925994","0.9032730306756142","0.8826758962868806","0.9069003285870756","10.090689659118652","0.8826758962868806"
"BCE Loss","0.9630566181277608","0.9419496166484118","finished","-","","arch, baseline, clip_length, loss, npoints, nsamples, preprocess, v2","2026-04-14T20:53:12.000Z","282","","7","3","tsne","","10000","BCE Loss","/jet/projects/bio200037p/sml161/song25_oven_aiid/background_clips","/jet/projects/bio200037p/sml161/song25_oven_aiid/labeled_clips","/ocean/projects/bio200037p/sammlapp/song25_oven_aiid/training_results","/jet/projects/bio200037p/sml161/song25_oven_aiid/train_clips","3","false","","false","false","5","8","0.9255","0.9492","0.9415","0.9521","0.9673","0.9543","0.973","0.0086","0.9543","0.32331386731730566","supervised","1","resnet18","128","1","cuda:0","binary_cross_entropy_loss","2","8","10","5","","","","","","0.9717134248144296","0.9635610043719648","0.96060640992948","0.9661279956948504","0.958744067177802","0.006869099102914333","0.9661279956948502"
"BCE Loss","0.9221425889437156","0.8762322015334063","finished","-","","arch, baseline, clip_length, loss, npoints, nsamples, preprocess, v2","2026-04-14T20:43:44.000Z","284","","7","3","tsne","","10000","BCE Loss","/jet/projects/bio200037p/sml161/song25_oven_aiid/background_clips","/jet/projects/bio200037p/sml161/song25_oven_aiid/labeled_clips","/ocean/projects/bio200037p/sammlapp/song25_oven_aiid/training_results","/jet/projects/bio200037p/sml161/song25_oven_aiid/train_clips","3","false","","false","false","5","9","0.9193","0.9481","0.9416","0.951","0.9687","0.955","0.9759","0.0063","0.955","0.16541065017382303","supervised","1","resnet18","128","1","cuda:0","binary_cross_entropy_loss","2","8","10","5","","","","","","0.9210091924254776","0.9225284448379646","0.9476118273122204","0.9341211455795037","0.9488864549105512","0.004336181096732616","0.9341211455795037"
"BCE Loss","0.9480797244125164","0.9193136181087987","finished","-","","arch, baseline, clip_length, loss, npoints, nsamples, preprocess, v2","2026-04-14T20:39:01.000Z","282","","7","3","tsne","","10000","BCE Loss","/jet/projects/bio200037p/sml161/song25_oven_aiid/background_clips","/jet/projects/bio200037p/sml161/song25_oven_aiid/labeled_clips","/ocean/projects/bio200037p/sammlapp/song25_oven_aiid/training_results","/jet/projects/bio200037p/sml161/song25_oven_aiid/train_clips","3","false","","false","false","5","8","0.9266","0.9413","0.9452","0.9445","0.9599","0.9525","0.969","0.0103","0.9525","0.08681075036525726","supervised","1","resnet18","128","1","cuda:0","binary_cross_entropy_loss","2","8","10","5","","","","","","0.9415849773278624","0.9510467869060636","0.9687489538567894","0.9549738366296824","0.9759036144578314","0.006345707457512617","0.9549738366296828"
"BCE Loss","0.94920492387434","0.8703906535231837","finished","-","","arch, baseline, clip_length, loss, npoints, nsamples, preprocess, v2","2026-04-14T20:48:30.000Z","282","","7","3","tsne","","10000","BCE Loss","/jet/projects/bio200037p/sml161/song25_oven_aiid/background_clips","/jet/projects/bio200037p/sml161/song25_oven_aiid/labeled_clips","/ocean/projects/bio200037p/sammlapp/song25_oven_aiid/training_results","/jet/projects/bio200037p/sml161/song25_oven_aiid/train_clips","3","false","","false","false","5","5","0.8894","0.9221","0.9254","0.9265","0.9445","0.9348","0.9438","0.0151","0.9348","0.24450069699022503","supervised","1","resnet18","128","1","cuda:0","binary_cross_entropy_loss","2","8","10","5","","","","","","0.9059409267038286","0.9210325947938616","0.9626865074280164","0.933452105791008","0.9686016794450528","0.008919287472963333","0.933452105791008"
"BCE Loss","0.9412726866884078","0.9196787148594378","finished","-","","arch, baseline, clip_length, loss, npoints, nsamples, preprocess, v2","2026-04-14T20:33:49.000Z","311","","7","3","tsne","","10000","BCE Loss","/jet/projects/bio200037p/sml161/song25_oven_aiid/background_clips","/jet/projects/bio200037p/sml161/song25_oven_aiid/labeled_clips","/ocean/projects/bio200037p/sammlapp/song25_oven_aiid/training_results","/jet/projects/bio200037p/sml161/song25_oven_aiid/train_clips","3","false","","false","false","5","","","","","","","","","","","","","1","resnet18","128","1","cuda:0","binary_cross_entropy_loss","2","8","10","5","","","","","","0.9428904707596386","0.9397517663143656","0.9561289805515396","0.949463581277924","0.967506389193136","0.008698600344359875","0.949463581277924"
"CE loss","0.94311405560447","0.8386272362175977","finished","-","","loss, v2","2026-04-14T20:58:11.000Z","299","","7","3","tsne","","10000","CE loss","/jet/projects/bio200037p/sml161/song25_oven_aiid/background_clips","/jet/projects/bio200037p/sml161/song25_oven_aiid/labeled_clips","/ocean/projects/bio200037p/sammlapp/song25_oven_aiid/training_results","/jet/projects/bio200037p/sml161/song25_oven_aiid/train_clips","3","false","","false","false","5","","","","","","","","","","","","","1","resnet18","128","1","cuda:0","cross_entropy_loss","2","8","10","5","","","","","","0.940616904245597","0.8657229623830093","0.9302167092018272","0.9353878987395464","0.8974078130704637","0.03961047902703285","0.9353878987395462"
"CE loss","0.9424403715321812","0.9069003285870756","finished","-","","loss, v2","2026-04-14T21:03:11.000Z","276","","7","3","tsne","","10000","CE loss","/jet/projects/bio200037p/sml161/song25_oven_aiid/background_clips","/jet/projects/bio200037p/sml161/song25_oven_aiid/labeled_clips","/ocean/projects/bio200037p/sammlapp/song25_oven_aiid/training_results","/jet/projects/bio200037p/sml161/song25_oven_aiid/train_clips","3","false","","false","false","5","6","0.9288","0.9431","0.9587","0.9463","0.9618","0.9603","0.9613","0.1047","0.9603","0.08332313650184207","supervised","1","resnet18","128","1","cuda:0","cross_entropy_loss","2","8","10","5","","","","","","0.948425866869692","0.9310814064108908","0.9527633843472456","0.950589677637651","0.945600584154801","0.06107911467552185","0.950589677637651"
"CE loss","0.9482598484760504","0.9127418765972984","finished","-","","loss, v2","2026-04-14T21:12:25.000Z","274","","7","3","tsne","","10000","CE loss","/jet/projects/bio200037p/sml161/song25_oven_aiid/background_clips","/jet/projects/bio200037p/sml161/song25_oven_aiid/labeled_clips","/ocean/projects/bio200037p/sammlapp/song25_oven_aiid/training_results","/jet/projects/bio200037p/sml161/song25_oven_aiid/train_clips","3","false","","false","false","5","2","0.9284","0.9432","0.9472","0.9465","0.9516","0.9494","0.9566","0.9795","0.9494","0.23682664732138317","supervised","1","resnet18","128","1","cuda:0","cross_entropy_loss","2","8","10","5","","","","","","0.9294738492552438","0.9425411239440048","0.9623280895552284","0.9456156855487324","0.968236582694414","0.04468681290745735","0.9456156855487324"
"CE loss","0.9432045692639012","0.90543994158452","finished","-","","loss, v2","2026-04-14T21:07:47.000Z","277","","7","3","tsne","","10000","CE loss","/jet/projects/bio200037p/sml161/song25_oven_aiid/background_clips","/jet/projects/bio200037p/sml161/song25_oven_aiid/labeled_clips","/ocean/projects/bio200037p/sammlapp/song25_oven_aiid/training_results","/jet/projects/bio200037p/sml161/song25_oven_aiid/train_clips","3","false","","false","false","5","7","0.9197","0.9424","0.9459","0.9457","0.9596","0.9527","0.9609","0.1598","0.9527","0.16013365169366203","supervised","1","resnet18","128","1","cuda:0","cross_entropy_loss","2","8","10","5","","","","","","0.939780840552608","0.9415078877465318","0.9568781455114872","0.9482524317788112","0.9539978094194962","0.08968485891819","0.9482524317788112"
"CE loss","0.9201279387965372","0.8313253012048193","finished","-","","loss, v2","2026-04-14T21:17:00.000Z","287","","7","3","tsne","","10000","CE loss","/jet/projects/bio200037p/sml161/song25_oven_aiid/background_clips","/jet/projects/bio200037p/sml161/song25_oven_aiid/labeled_clips","/ocean/projects/bio200037p/sammlapp/song25_oven_aiid/training_results","/jet/projects/bio200037p/sml161/song25_oven_aiid/train_clips","3","false","","false","false","5","6","0.9248","0.9483","0.9391","0.9512","0.9693","0.9539","0.9748","0.04","0.9539","0.3135605134566625","supervised","1","resnet18","128","1","cuda:0","cross_entropy_loss","2","8","10","5","","","","","","0.8904335449570118","0.8820923143879684","0.9488634208756483","0.9187203972229137","0.9448703906535232","0.07065752893686295","0.9187203972229137"
"Contrastive loss","0.018966283028062615","0.10295728368017525","finished","-","","loss, v2","2026-04-14T20:47:45.000Z","408","","7","3","tsne","","10000","Contrastive loss","/jet/projects/bio200037p/sml161/song25_oven_aiid/background_clips","/jet/projects/bio200037p/sml161/song25_oven_aiid/labeled_clips","/ocean/projects/bio200037p/sammlapp/song25_oven_aiid/training_results","/jet/projects/bio200037p/sml161/song25_oven_aiid/train_clips","3","false","","false","false","5","1","0.1124","0.0123","0.215","0.0797","0.2485","0.2306","0.2501","-3.3342","0.2306","0.2323120602634218","contrastive","1","resnet18","128","1","cuda:0","contrastive_point_loss","2","8","10","5","","","","","","0.22259477750257","0.07088576358353127","0.28584204333979113","0.2502845719658375","0.2712668857247171","-3.310295820236206","0.25028457196583753"
"Contrastive loss","0.016123794003371765","0.10295728368017525","finished","-","","loss, v2","2026-04-14T21:01:27.000Z","408","","7","3","tsne","","10000","Contrastive loss","/jet/projects/bio200037p/sml161/song25_oven_aiid/background_clips","/jet/projects/bio200037p/sml161/song25_oven_aiid/labeled_clips","/ocean/projects/bio200037p/sammlapp/song25_oven_aiid/training_results","/jet/projects/bio200037p/sml161/song25_oven_aiid/train_clips","3","false","","false","false","5","4","0.1464","0.0206","0.2446","0.103","0.2572","0.2508","0.2749","-3.3019","0.2508","0.4607142515977224","contrastive","1","resnet18","128","1","cuda:0","contrastive_point_loss","2","8","10","5","","","","","","0.1960807217019799","0.2309350055722074","0.006581566492335997","0.0127356531819027","0.10441767068273092","-3.3281397819519043","0.0127356531819027"
"Contrastive loss","0.012271298795571591","0.10441767068273092","finished","-","","loss, v2","2026-04-14T20:40:54.000Z","410","","7","3","tsne","","10000","Contrastive loss","/jet/projects/bio200037p/sml161/song25_oven_aiid/background_clips","/jet/projects/bio200037p/sml161/song25_oven_aiid/labeled_clips","/ocean/projects/bio200037p/sammlapp/song25_oven_aiid/training_results","/jet/projects/bio200037p/sml161/song25_oven_aiid/train_clips","3","false","","false","false","5","4","0.1066","0.0085","0.237","0.0865","0.2762","0.2551","0.2632","-3.3309","0.2551","0.11823283003436195","contrastive","1","resnet18","128","1","cuda:0","contrastive_point_loss","2","8","10","5","","","","","","0.2207420171079856","0.22938505061216283","0.011544168001937426","0.021940890969260413","0.1058780576852866","-3.3349435329437256","0.021940890969260416"
"Contrastive loss","0.02059161839685632","0.13253012048192772","finished","-","","loss, v2","2026-04-14T20:54:34.000Z","412","","7","3","tsne","","10000","Contrastive loss","/jet/projects/bio200037p/sml161/song25_oven_aiid/background_clips","/jet/projects/bio200037p/sml161/song25_oven_aiid/labeled_clips","/ocean/projects/bio200037p/sammlapp/song25_oven_aiid/training_results","/jet/projects/bio200037p/sml161/song25_oven_aiid/train_clips","3","false","","false","false","5","0","0.1281","0.019","0.2297","0.0997","0.2433","0.2363","0.2541","-3.3066","0.2363","0.34571583489576974","contrastive","1","resnet18","128","1","cuda:0","contrastive_point_loss","2","8","10","5","","","","","","0.24705425890126428","0.0938133439788264","0.27595663934308734","0.2607068542955594","0.26944140197152244","-3.2997241020202637","0.2607068542955594"
"Contrastive loss","0.008488683403275727","0.1095290251916758","finished","-","","loss, v2","2026-04-14T20:33:49.000Z","424","","7","3","tsne","","10000","Contrastive loss","/jet/projects/bio200037p/sml161/song25_oven_aiid/background_clips","/jet/projects/bio200037p/sml161/song25_oven_aiid/labeled_clips","/ocean/projects/bio200037p/sammlapp/song25_oven_aiid/training_results","/jet/projects/bio200037p/sml161/song25_oven_aiid/train_clips","3","false","","false","false","5","","","","","","","","","","","","","1","resnet18","128","1","cuda:0","contrastive_point_loss","2","8","10","5","","","","","","0.27937315728711226","0.23359608531063145","0.008334969408853619","0.01618700692527627","0.1095290251916758","-3.328617572784424","0.01618700692527627"
"Contrastive loss 32ppb","0.014780387003387336","0.11792625045637094","finished","-","","loss, v2","2026-04-14T21:30:51.000Z","441","","7","3","tsne","","10000","Contrastive loss 32ppb","/jet/projects/bio200037p/sml161/song25_oven_aiid/background_clips","/jet/projects/bio200037p/sml161/song25_oven_aiid/labeled_clips","/ocean/projects/bio200037p/sammlapp/song25_oven_aiid/training_results","/jet/projects/bio200037p/sml161/song25_oven_aiid/train_clips","3","false","","false","false","5","5","0.1292","0.0135","0.2262","0.0896","0.2569","0.2406","0.2647","-3.3399","0.2406","0.367955720755789","contrastive","1","resnet18","128","1","cuda:0","contrastive_point_loss","2","32","10","5","","","","","","0.23079062180475268","0.1728162617091389","0.10695293691135264","0.14616850078472576","0.15735669952537423","-3.339385747909546","0.1461685007847258"
"Contrastive loss 32ppb","0.0135093640207091","0.11391018619934284","finished","-","","loss, v2","2026-04-14T21:23:19.000Z","448","","7","3","tsne","","10000","Contrastive loss 32ppb","/jet/projects/bio200037p/sml161/song25_oven_aiid/background_clips","/jet/projects/bio200037p/sml161/song25_oven_aiid/labeled_clips","/ocean/projects/bio200037p/sammlapp/song25_oven_aiid/training_results","/jet/projects/bio200037p/sml161/song25_oven_aiid/train_clips","3","false","","false","false","5","1","0.1157","0.0115","0.2182","0.081","0.2603","0.2374","0.2556","-3.3134","0.2374","0.2461229003138012","contrastive","1","resnet18","128","1","cuda:0","contrastive_point_loss","2","32","10","5","","","","","","0.22716243183626753","0.0804117758478379","0.2626900430823727","0.2436378789988836","0.26250456370938297","-3.326985120773315","0.2436378789988836"
"Contrastive loss 32ppb","0.01146217719570164","0.10478276743336984","finished","-","","loss, v2","2026-04-14T21:15:54.000Z","444","","7","3","tsne","","10000","Contrastive loss 32ppb","/jet/projects/bio200037p/sml161/song25_oven_aiid/background_clips","/jet/projects/bio200037p/sml161/song25_oven_aiid/labeled_clips","/ocean/projects/bio200037p/sammlapp/song25_oven_aiid/training_results","/jet/projects/bio200037p/sml161/song25_oven_aiid/train_clips","3","false","","false","false","5","0","0.1128","0.0169","0.2233","0.0769","0.2795","0.2483","0.2625","-3.2082","0.2483","0.1225163761774699","contrastive","1","resnet18","128","1","cuda:0","contrastive_point_loss","2","32","10","5","","","","","","0.20436420454230436","0.23194033277406603","0.007207901956372821","0.013924681982993452","0.10514786418400876","-3.3193883895874023","0.013924681982993452"
"Contrastive loss 32ppb","0.01692611220849431","0.1077035414384812","finished","-","","loss, v2","2026-04-14T21:08:33.000Z","441","","7","3","tsne","","10000","Contrastive loss 32ppb","/jet/projects/bio200037p/sml161/song25_oven_aiid/background_clips","/jet/projects/bio200037p/sml161/song25_oven_aiid/labeled_clips","/ocean/projects/bio200037p/sammlapp/song25_oven_aiid/training_results","/jet/projects/bio200037p/sml161/song25_oven_aiid/train_clips","3","false","","false","false","5","","","","","","","","","","","","","1","resnet18","128","1","cuda:0","contrastive_point_loss","2","32","10","5","","","","","","0.2372638990916004","0.08423302223538313","0.27922844351529363","0.2565413803090639","0.2741876597298284","-3.33651065826416","0.25654138030906387"
"Contrastive loss 32ppb","0.01627813225992175","0.12705366922234393","finished","-","","loss, v2","2026-04-14T21:38:13.000Z","433","","7","3","tsne","","10000","Contrastive loss 32ppb","/jet/projects/bio200037p/sml161/song25_oven_aiid/background_clips","/jet/projects/bio200037p/sml161/song25_oven_aiid/labeled_clips","/ocean/projects/bio200037p/sammlapp/song25_oven_aiid/training_results","/jet/projects/bio200037p/sml161/song25_oven_aiid/train_clips","3","false","","false","false","5","1","0.0902","0.0148","0.1851","0.067","0.2371","0.2079","0.2388","-3.3329","0.2079","0.49426201926337343","contrastive","1","resnet18","128","1","cuda:0","contrastive_point_loss","2","32","10","5","","","","","","0.24836273136086576","0.09054589120768734","0.27636811577743403","0.2616180865671449","0.27090178897407813","-3.332456588745117","0.2616180865671449"
"HawkEars","0.40375895006278306","0.5052939028842643","finished","-","","arch, v2","2026-04-14T20:51:20.000Z","300","","7","3","tsne","","10000","HawkEars","/jet/projects/bio200037p/sml161/song25_oven_aiid/background_clips","/jet/projects/bio200037p/sml161/song25_oven_aiid/labeled_clips","/ocean/projects/bio200037p/sammlapp/song25_oven_aiid/training_results","/jet/projects/bio200037p/sml161/song25_oven_aiid/train_clips","3","false","","false","false","5","6","0.5659","0.4721","0.767","0.5323","0.6632","0.7113","0.613","0.0239","0.7113","0.090721861521403","supervised","1","hawkears","128","1","cuda:0","binary_cross_entropy_loss","2","8","10","5","","","","","","0.6748842504215358","0.3879441645741978","0.6763554886948111","0.6756190686114598","0.6644760861628332","0.02199246361851692","0.6756190686114598"
"HawkEars","0.42178440201892864","0.4994523548740416","finished","-","","arch, v2","2026-04-14T21:01:22.000Z","303","","7","3","tsne","","10000","HawkEars","/jet/projects/bio200037p/sml161/song25_oven_aiid/background_clips","/jet/projects/bio200037p/sml161/song25_oven_aiid/labeled_clips","/ocean/projects/bio200037p/sammlapp/song25_oven_aiid/training_results","/jet/projects/bio200037p/sml161/song25_oven_aiid/train_clips","3","false","","false","false","5","9","0.5853","0.493","0.7474","0.5379","0.6968","0.7212","0.6586","0.0241","0.7212","0.25824981172879535","supervised","1","hawkears","128","1","cuda:0","binary_cross_entropy_loss","2","8","10","5","","","","","","0.6960143167261956","0.418430454293887","0.6493107961004007","0.6718518903452795","0.6283315078495801","0.02347285859286785","0.6718518903452794"
"HawkEars","0.5891220635694457","0.6151880248265791","finished","-","","arch, v2","2026-04-14T21:06:25.000Z","304","","7","3","tsne","","10000","HawkEars","/jet/projects/bio200037p/sml161/song25_oven_aiid/background_clips","/jet/projects/bio200037p/sml161/song25_oven_aiid/labeled_clips","/ocean/projects/bio200037p/sammlapp/song25_oven_aiid/training_results","/jet/projects/bio200037p/sml161/song25_oven_aiid/train_clips","3","false","","false","false","5","8","0.5681","0.4218","0.7289","0.4745","0.6728","0.6998","0.6583","0.0217","0.6998","0.3424250747760137","supervised","1","hawkears","128","1","cuda:0","binary_cross_entropy_loss","2","8","10","5","","","","","","0.8189073940774324","0.5857096892718267","0.7049239990197553","0.7576526873968834","0.6637458926615553","0.02019515074789524","0.7576526873968834"
"HawkEars","0.4721094984736235","0.5812340270171595","finished","-","","arch, v2","2026-04-14T20:45:53.000Z","326","","7","3","tsne","","10000","HawkEars","/jet/projects/bio200037p/sml161/song25_oven_aiid/background_clips","/jet/projects/bio200037p/sml161/song25_oven_aiid/labeled_clips","/ocean/projects/bio200037p/sammlapp/song25_oven_aiid/training_results","/jet/projects/bio200037p/sml161/song25_oven_aiid/train_clips","3","false","","false","false","5","","","","","","","","","","","","","1","hawkears","128","1","cuda:0","binary_cross_entropy_loss","2","8","10","5","","","","","","0.7045374679866088","0.44578368235908145","0.6894225014493487","0.6968980375249345","0.6849215041986126","0.022984564304351807","0.6968980375249345"
"HawkEars","0.49300942039582746","0.5852500912741877","finished","-","","arch, v2","2026-04-14T20:56:21.000Z","301","","7","3","tsne","","10000","HawkEars","/jet/projects/bio200037p/sml161/song25_oven_aiid/background_clips","/jet/projects/bio200037p/sml161/song25_oven_aiid/labeled_clips","/ocean/projects/bio200037p/sammlapp/song25_oven_aiid/training_results","/jet/projects/bio200037p/sml161/song25_oven_aiid/train_clips","3","false","","false","false","5","2","0.5403","0.4038","0.7108","0.4554","0.6574","0.6831","0.6375","0.0274","0.6831","0.17455360054969787","supervised","1","hawkears","128","1","cuda:0","binary_cross_entropy_loss","2","8","10","5","","","","","","0.7473659367777334","0.5379402861216029","0.696808775869242","0.7212024126609435","0.6586345381526104","0.02413810044527054","0.7212024126609434"
"None samples","0.944003896353338","0.9251551661190216","finished","-","","nsamples, v2","2026-04-14T22:36:12.000Z","1777","","7","3","tsne","","","None samples","/jet/projects/bio200037p/sml161/song25_oven_aiid/background_clips","/jet/projects/bio200037p/sml161/song25_oven_aiid/labeled_clips","/ocean/projects/bio200037p/sammlapp/song25_oven_aiid/training_results","/jet/projects/bio200037p/sml161/song25_oven_aiid/train_clips","3","false","","false","false","5","4","0.9493","0.9571","0.9734","0.9597","0.969","0.9712","0.9657","0.0012","0.9712","2.0394821998145845","supervised","1","resnet18","128","1","cuda:0","binary_cross_entropy_loss","2","8","10","5","","","","","","0.962770192058188","0.94239077675703","0.9582291355981268","0.960494296519206","0.950711938663746","0.000013569513612310402","0.960494296519206"
"None samples","0.9571214544784492","0.913837166849215","finished","-","","nsamples, v2","2026-04-14T22:06:37.000Z","1774","","7","3","tsne","","","None samples","/jet/projects/bio200037p/sml161/song25_oven_aiid/background_clips","/jet/projects/bio200037p/sml161/song25_oven_aiid/labeled_clips","/ocean/projects/bio200037p/sammlapp/song25_oven_aiid/training_results","/jet/projects/bio200037p/sml161/song25_oven_aiid/train_clips","3","false","","false","false","5","0","0.9438","0.9533","0.9736","0.9563","0.9621","0.9678","0.9609","0.0044","0.9678","1.5463565357526143","supervised","1","resnet18","128","1","cuda:0","binary_cross_entropy_loss","2","8","10","5","","","","","","0.933050841425447","0.9447715196632144","0.968233671692322","0.9503167314896358","0.9740781307046368","0.00002051927185675595","0.950316731489636"
"None samples","0.9533004944119025","0.8944870390653523","finished","-","","nsamples, v2","2026-04-14T21:33:04.000Z","2012","","7","3","tsne","","","None samples","/jet/projects/bio200037p/sml161/song25_oven_aiid/background_clips","/jet/projects/bio200037p/sml161/song25_oven_aiid/labeled_clips","/ocean/projects/bio200037p/sammlapp/song25_oven_aiid/training_results","/jet/projects/bio200037p/sml161/song25_oven_aiid/train_clips","3","false","","false","false","5","5","0.9449","0.9471","0.9642","0.9503","0.955","0.9596","0.9606","0.0001","0.9596","0.9854695503579246","supervised","1","resnet18","128","1","cuda:0","binary_cross_entropy_loss","2","8","10","5","","","","","","0.92953065271059","0.9286421080357314","0.9621578096224576","0.9455628604785516","0.9576487769258852","0.00010033407306764276","0.9455628604785516"
"None samples","0.9485220341505686","0.8908360715589632","finished","-","","nsamples, v2","2026-04-14T20:33:51.000Z","1790","","7","3","tsne","","","None samples","/jet/projects/bio200037p/sml161/song25_oven_aiid/background_clips","/jet/projects/bio200037p/sml161/song25_oven_aiid/labeled_clips","/ocean/projects/bio200037p/sammlapp/song25_oven_aiid/training_results","/jet/projects/bio200037p/sml161/song25_oven_aiid/train_clips","3","false","","false","false","5","","","","","","","","","","","","","1","resnet18","128","1","cuda:0","binary_cross_entropy_loss","2","8","10","5","","","","","","0.9388018606812552","0.9380867108883024","0.9623745706683926","0.9504420765140984","0.95947426067908","0.000016405023416155018","0.9504420765140982"
"None samples","0.9470942564080044","0.877692588535962","finished","-","","nsamples, v2","2026-04-14T21:03:42.000Z","1762","","7","3","tsne","","","None samples","/jet/projects/bio200037p/sml161/song25_oven_aiid/background_clips","/jet/projects/bio200037p/sml161/song25_oven_aiid/labeled_clips","/ocean/projects/bio200037p/sammlapp/song25_oven_aiid/training_results","/jet/projects/bio200037p/sml161/song25_oven_aiid/train_clips","3","false","","false","false","5","4","0.9376","0.9485","0.9506","0.9514","0.9681","0.9593","0.9744","0.0008","0.9593","0.4976299162705739","supervised","1","resnet18","128","1","cuda:0","binary_cross_entropy_loss","2","8","10","5","","","","","","0.9102759018629956","0.8938214036965978","0.9482331224449808","0.9288669028996164","0.955458196422052","0.00003356912566232495","0.9288669028996164"
"overlay","0.9469435912783036","0.9014238773274916","finished","-","","preprocess, v2","2026-04-14T20:47:07.000Z","379","","7","3","tsne","","10000","overlay","/jet/projects/bio200037p/sml161/song25_oven_aiid/background_clips","/jet/projects/bio200037p/sml161/song25_oven_aiid/labeled_clips","/ocean/projects/bio200037p/sammlapp/song25_oven_aiid/training_results","/jet/projects/bio200037p/sml161/song25_oven_aiid/train_clips","3","false","","false","true","5","6","0.9014","0.941","0.9224","0.9445","0.9661","0.9438","0.9708","0.0123","0.9438","0.2214385441939036","supervised","1","resnet18","128","1","cuda:0","binary_cross_entropy_loss","2","8","10","5","","","","","","0.9346348859959376","0.9384502118524602","0.9546606315710738","0.9445416265024223","0.9518072289156626","0.010478329844772816","0.9445416265024222"
"overlay","0.932215040830506","0.8995983935742972","finished","-","","preprocess, v2","2026-04-14T22:34:02.000Z","246","","7","3","tsne","","10000","overlay","/jet/projects/bio200037p/sml161/song25_oven_aiid/background_clips","/jet/projects/bio200037p/sml161/song25_oven_aiid/labeled_clips","/ocean/projects/bio200037p/sammlapp/song25_oven_aiid/training_results","/jet/projects/bio200037p/sml161/song25_oven_aiid/train_clips","3","false","","false","true","5","8","0.9069","0.9333","0.9403","0.937","0.9545","0.9473","0.9547","0.0157","0.9473","0.07605253815650939","supervised","1","resnet18","128","1","cuda:0","binary_cross_entropy_loss","2","8","10","5","","","","","","0.9243496011109776","0.9120675706398084","0.9548048967459752","0.9393304557474812","0.9609346476816356","0.01059981156140566","0.9393304557474812"
"overlay","0.9409850466083088","0.899963490324936","finished","-","","preprocess, v2","2026-04-14T20:40:41.000Z","385","","7","3","tsne","","10000","overlay","/jet/projects/bio200037p/sml161/song25_oven_aiid/background_clips","/jet/projects/bio200037p/sml161/song25_oven_aiid/labeled_clips","/ocean/projects/bio200037p/sammlapp/song25_oven_aiid/training_results","/jet/projects/bio200037p/sml161/song25_oven_aiid/train_clips","3","false","","false","true","5","6","0.9438","0.9749","0.9599","0.9763","0.9757","0.9677","0.9785","0.0152","0.9677","0.11419899993472628","supervised","1","resnet18","128","1","cuda:0","binary_cross_entropy_loss","2","8","10","5","","","","","","0.9379917723886326","0.9420849527039424","0.9647128450634092","0.9511646769416804","0.9598393574297188","0.011032350361347198","0.9511646769416804"
"overlay","0.9748588538510784","0.9437751004016064","finished","-","","preprocess, v2","2026-04-14T20:33:51.000Z","409","","7","3","tsne","","10000","overlay","/jet/projects/bio200037p/sml161/song25_oven_aiid/background_clips","/jet/projects/bio200037p/sml161/song25_oven_aiid/labeled_clips","/ocean/projects/bio200037p/sammlapp/song25_oven_aiid/training_results","/jet/projects/bio200037p/sml161/song25_oven_aiid/train_clips","3","false","","false","true","5","","","","","","","","","","","","","1","resnet18","128","1","cuda:0","binary_cross_entropy_loss","2","8","10","5","","","","","","0.9581790130916956","0.9682968446078248","0.9745983638622072","0.9663189455559767","0.9813800657174152","0.012158390134572985","0.9663189455559767"
"overlay","0.9425502175212788","0.9313618108798832","finished","-","","preprocess, v2","2026-04-14T20:53:26.000Z","374","","7","3","tsne","","10000","overlay","/jet/projects/bio200037p/sml161/song25_oven_aiid/background_clips","/jet/projects/bio200037p/sml161/song25_oven_aiid/labeled_clips","/ocean/projects/bio200037p/sammlapp/song25_oven_aiid/training_results","/jet/projects/bio200037p/sml161/song25_oven_aiid/train_clips","3","false","","false","true","5","7","0.9179","0.9469","0.9436","0.9499","0.9644","0.9539","0.9719","0.0123","0.9539","0.32681947012742363","supervised","1","resnet18","128","1","cuda:0","binary_cross_entropy_loss","2","8","10","5","","","","","","0.9544980740403116","0.9458534470551128","0.9612532645228316","0.957863759437758","0.9616648411829136","0.012086671777069569","0.9578637594377584"
"reduce noise","0.9641182283591812","0.9481562614092734","finished","-","","preprocess, v2","2026-04-14T21:47:46.000Z","837","","7","3","tsne","","10000","reduce noise","/jet/projects/bio200037p/sml161/song25_oven_aiid/background_clips","/jet/projects/bio200037p/sml161/song25_oven_aiid/labeled_clips","/ocean/projects/bio200037p/sammlapp/song25_oven_aiid/training_results","/jet/projects/bio200037p/sml161/song25_oven_aiid/train_clips","3","false","","true","false","5","8","0.9427","0.9527","0.9719","0.9557","0.9607","0.9663","0.9533","0.0091","0.9663","0.4678044161531661","supervised","1","resnet18","128","1","cuda:0","binary_cross_entropy_loss","2","8","10","5","","","","","","0.9794609231008856","0.9615886491744688","0.9655783781631344","0.9724701079174172","0.95947426067908","0.010974207893013954","0.9724701079174172"
"reduce noise","0.9527184443523246","0.9200438116100766","finished","-","","preprocess, v2","2026-04-14T21:33:55.000Z","831","","7","3","tsne","","10000","reduce noise","/jet/projects/bio200037p/sml161/song25_oven_aiid/background_clips","/jet/projects/bio200037p/sml161/song25_oven_aiid/labeled_clips","/ocean/projects/bio200037p/sammlapp/song25_oven_aiid/training_results","/jet/projects/bio200037p/sml161/song25_oven_aiid/train_clips","3","false","","true","false","5","9","0.9493","0.9522","0.9692","0.9551","0.9587","0.9639","0.9584","0.0108","0.9639","0.23478407733970216","supervised","1","resnet18","128","1","cuda:0","binary_cross_entropy_loss","2","8","10","5","","","","","","0.9551317189389078","0.9425935420593556","0.957866039193559","0.9564969249324078","0.9529025191675794","0.008495255373418331","0.9564969249324076"
"reduce noise","0.9521629664935592","0.9492515516611902","finished","-","","preprocess, v2","2026-04-14T21:19:42.000Z","850","","7","3","tsne","","10000","reduce noise","/jet/projects/bio200037p/sml161/song25_oven_aiid/background_clips","/jet/projects/bio200037p/sml161/song25_oven_aiid/labeled_clips","/ocean/projects/bio200037p/sammlapp/song25_oven_aiid/training_results","/jet/projects/bio200037p/sml161/song25_oven_aiid/train_clips","3","false","","true","false","5","","","","","","","","","","","","","1","resnet18","128","1","cuda:0","binary_cross_entropy_loss","2","8","10","5","","","","","","0.9691831631774198","0.9551078443036292","0.9587183710616716","0.9639223652867548","0.9583789704271632","0.010825948789715769","0.9639223652867548"
"reduce noise","0.9770930886845938","0.9561883899233296","finished","-","","preprocess, v2","2026-04-14T22:01:44.000Z","833","","7","3","tsne","","10000","reduce noise","/jet/projects/bio200037p/sml161/song25_oven_aiid/background_clips","/jet/projects/bio200037p/sml161/song25_oven_aiid/labeled_clips","/ocean/projects/bio200037p/sammlapp/song25_oven_aiid/training_results","/jet/projects/bio200037p/sml161/song25_oven_aiid/train_clips","3","false","","true","false","5","8","0.9496","0.9641","0.9593","0.9661","0.9713","0.9653","0.9759","0.0059","0.9653","0.7004504524336921","supervised","1","resnet18","128","1","cuda:0","binary_cross_entropy_loss","2","8","10","5","","","","","","0.9648675975741816","0.9783741508844483","0.9785726682653678","0.9716718090875602","0.9799196787148594","0.00757058709859848","0.97167180908756"
"reduce noise","0.9602401943978596","0.9423147133990508","finished","-","","preprocess, v2","2026-04-14T22:15:39.000Z","804","","7","3","tsne","","10000","reduce noise","/jet/projects/bio200037p/sml161/song25_oven_aiid/background_clips","/jet/projects/bio200037p/sml161/song25_oven_aiid/labeled_clips","/ocean/projects/bio200037p/sammlapp/song25_oven_aiid/training_results","/jet/projects/bio200037p/sml161/song25_oven_aiid/train_clips","3","false","","true","false","5","9","0.9562","0.9771","0.9649","0.9784","0.9786","0.9717","0.9799","0.0076","0.9717","0.9307481639915044","supervised","1","resnet18","128","1","cuda:0","binary_cross_entropy_loss","2","8","10","5","","","","","","0.9775566118403808","0.9516661897232978","0.9565318394657796","0.9669299493248426","0.9536327126688572","0.007286380510777235","0.9669299493248426"
"resnet50","0.8625724354772737","0.7816721431179262","finished","-","","arch, v2","2026-04-14T22:53:37.000Z","439","","7","3","tsne","","10000","resnet50","/jet/projects/bio200037p/sml161/song25_oven_aiid/background_clips","/jet/projects/bio200037p/sml161/song25_oven_aiid/labeled_clips","/ocean/projects/bio200037p/sammlapp/song25_oven_aiid/training_results","/jet/projects/bio200037p/sml161/song25_oven_aiid/train_clips","3","false","","false","false","5","8","0.8908","0.9097","0.9273","0.9151","0.924","0.9257","0.9295","0.01","0.9257","0.11952429519759283","supervised","1","resnet50","128","1","cuda:0","binary_cross_entropy_loss","2","8","10","5","","","","","","0.8329512553380433","0.8223897150984002","0.9267041088602466","0.8773301482858801","0.9375684556407448","0.007012431044131517","0.8773301482858803"
"resnet50","0.7687360040745487","0.7794815626140927","finished","-","","arch, v2","2026-04-14T23:00:59.000Z","426","","7","3","tsne","","10000","resnet50","/jet/projects/bio200037p/sml161/song25_oven_aiid/background_clips","/jet/projects/bio200037p/sml161/song25_oven_aiid/labeled_clips","/ocean/projects/bio200037p/sammlapp/song25_oven_aiid/training_results","/jet/projects/bio200037p/sml161/song25_oven_aiid/train_clips","3","false","","false","false","5","6","0.8434","0.8626","0.8676","0.871","0.927","0.8963","0.9445","0.0094","0.8963","0.24384366128179763","supervised","1","resnet50","128","1","cuda:0","binary_cross_entropy_loss","2","8","10","5","","","","","","0.8958986203779921","0.7891233447270569","0.8868025010559537","0.8913273545312231","0.8492150419861263","0.00967301893979311","0.891327354531223"
"resnet50","0.9097120549169306","0.8685651697699891","finished","-","","arch, v2","2026-04-14T22:45:59.000Z","453","","7","3","tsne","","10000","resnet50","/jet/projects/bio200037p/sml161/song25_oven_aiid/background_clips","/jet/projects/bio200037p/sml161/song25_oven_aiid/labeled_clips","/ocean/projects/bio200037p/sammlapp/song25_oven_aiid/training_results","/jet/projects/bio200037p/sml161/song25_oven_aiid/train_clips","3","false","","false","false","5","","","","","","","","","","","","","1","resnet50","128","1","cuda:0","binary_cross_entropy_loss","2","8","10","5","","","","","","0.8912038177662566","0.9070555284458748","0.935453764554279","0.9127928237710607","0.9441401971522454","0.010419306345283983","0.9127928237710607"
"resnet50","0.9088151899354716","0.8904709748083242","finished","-","","arch, v2","2026-04-14T23:15:13.000Z","421","","7","3","tsne","","10000","resnet50","/jet/projects/bio200037p/sml161/song25_oven_aiid/background_clips","/jet/projects/bio200037p/sml161/song25_oven_aiid/labeled_clips","/ocean/projects/bio200037p/sammlapp/song25_oven_aiid/training_results","/jet/projects/bio200037p/sml161/song25_oven_aiid/train_clips","3","false","","false","false","5","6","0.8426","0.8737","0.8764","0.8814","0.9267","0.9008","0.927","0.0126","0.9008","0.485321794350942","supervised","1","resnet50","128","1","cuda:0","binary_cross_entropy_loss","2","8","10","5","","","","","","0.918925267471543","0.9139184325920834","0.9351514456845348","0.9269673538904124","0.9397590361445785","0.007425940129905939","0.9269673538904124"
"resnet50","0.8736644217962652","0.8017524644030668","finished","-","","arch, v2","2026-04-14T23:08:07.000Z","426","","7","3","tsne","","10000","resnet50","/jet/projects/bio200037p/sml161/song25_oven_aiid/background_clips","/jet/projects/bio200037p/sml161/song25_oven_aiid/labeled_clips","/ocean/projects/bio200037p/sammlapp/song25_oven_aiid/training_results","/jet/projects/bio200037p/sml161/song25_oven_aiid/train_clips","3","false","","false","false","5","9","0.7795","0.7687","0.8959","0.7891","0.8868","0.8913","0.8492","0.0097","0.8913","0.3662587173117532","supervised","1","resnet50","128","1","cuda:0","binary_cross_entropy_loss","2","8","10","5","","","","","","0.8944294422700266","0.831520045525653","0.9013529392644428","0.8978778442695954","0.8751369112814896","0.007512232754379511","0.8978778442695954"
"SSL Contrastive","0.01734621073335716","0.12595837897042717","finished","-","","loss, v2","2026-04-14T22:06:52.000Z","409","","7","3","tsne","","10000","SSL Contrastive","/jet/projects/bio200037p/sml161/song25_oven_aiid/background_clips","/jet/projects/bio200037p/sml161/song25_oven_aiid/labeled_clips","/ocean/projects/bio200037p/sammlapp/song25_oven_aiid/training_results","/jet/projects/bio200037p/sml161/song25_oven_aiid/train_clips","3","false","","false","false","5","2","0.1124","0.0085","0.2162","0.0843","0.2516","0.2326","0.2505","-3.3303","0.2326","0.3523237488004896","contrastive","1","resnet18","128","1","cuda:0","ssl_contrastive_point_loss","2","8","10","5","","","","","","0.24302245864742344","0.09454812605981534","0.26956517033327676","0.2556065997549503","0.26944140197152244","-3.3312814235687256","0.25560659975495037"
"SSL Contrastive","0.02374432289351103","0.08762322015334063","finished","-","","loss, v2","2026-04-14T22:13:41.000Z","420","","7","3","tsne","","10000","SSL Contrastive","/jet/projects/bio200037p/sml161/song25_oven_aiid/background_clips","/jet/projects/bio200037p/sml161/song25_oven_aiid/labeled_clips","/ocean/projects/bio200037p/sammlapp/song25_oven_aiid/training_results","/jet/projects/bio200037p/sml161/song25_oven_aiid/train_clips","3","false","","false","false","5","8","0.1431","0.0173","0.2406","0.0945","0.2721","0.2554","0.2735","-3.3285","0.2554","0.465875937210189","contrastive","1","resnet18","128","1","cuda:0","ssl_contrastive_point_loss","2","8","10","5","","","","","","0.1887216402764868","0.06411543881403332","0.23799612780149895","0.21051394142998384","0.22562979189485213","-3.282191753387451","0.21051394142998384"
"SSL Contrastive","0.008541134047081355","0.1095290251916758","finished","-","","loss, v2","2026-04-14T21:59:51.000Z","421","","7","3","tsne","","10000","SSL Contrastive","/jet/projects/bio200037p/sml161/song25_oven_aiid/background_clips","/jet/projects/bio200037p/sml161/song25_oven_aiid/labeled_clips","/ocean/projects/bio200037p/sammlapp/song25_oven_aiid/training_results","/jet/projects/bio200037p/sml161/song25_oven_aiid/train_clips","3","false","","false","false","5","1","0.1099","0.0145","0.2214","0.0871","0.2589","0.2387","0.2607","-3.3296","0.2387","0.23519139541520012","contrastive","1","resnet18","128","1","cuda:0","ssl_contrastive_point_loss","2","8","10","5","","","","","","0.1544266137400234","0.20908679244334233","0.025805801165126593","0.0442218176000812","0.1171960569550931","-3.313908338546753","0.0442218176000812"
"SSL Contrastive","0.014450294620990844","0.10697334793720337","finished","-","","loss, v2","2026-04-14T21:52:54.000Z","416","","7","3","tsne","","10000","SSL Contrastive","/jet/projects/bio200037p/sml161/song25_oven_aiid/background_clips","/jet/projects/bio200037p/sml161/song25_oven_aiid/labeled_clips","/ocean/projects/bio200037p/sammlapp/song25_oven_aiid/training_results","/jet/projects/bio200037p/sml161/song25_oven_aiid/train_clips","3","false","","false","false","5","0","0.1187","0.0119","0.2108","0.0894","0.2388","0.2239","0.2479","-3.3274","0.2239","0.1190947456492318","contrastive","1","resnet18","128","1","cuda:0","ssl_contrastive_point_loss","2","8","10","5","","","","","","0.24730972354822847","0.23381111728785817","0.004532070257223727","0.008901024929015443","0.10697334793720337","-3.3326425552368164","0.008901024929015445"
"SSL Contrastive","0.011947764333150684","0.10843373493975904","finished","-","","loss, v2","2026-04-14T21:45:45.000Z","428","","7","3","tsne","","10000","SSL Contrastive","/jet/projects/bio200037p/sml161/song25_oven_aiid/background_clips","/jet/projects/bio200037p/sml161/song25_oven_aiid/labeled_clips","/ocean/projects/bio200037p/sammlapp/song25_oven_aiid/training_results","/jet/projects/bio200037p/sml161/song25_oven_aiid/train_clips","3","false","","false","false","5","","","","","","","","","","","","","1","resnet18","128","1","cuda:0","ssl_contrastive_point_loss","2","8","10","5","","","","","","0.21562871923145605","0.2301960191119936","0.0097890491015264","0.01872789475173885","0.10989412194231472","-3.3343770503997803","0.01872789475173885"
"SSL Contrastive 32ppb","0.011970292789171682","0.09711573566995252","finished","-","","loss, v2","2026-04-14T23:20:33.000Z","486","","7","3","tsne","","10000","SSL Contrastive 32ppb","/jet/projects/bio200037p/sml161/song25_oven_aiid/background_clips","/jet/projects/bio200037p/sml161/song25_oven_aiid/labeled_clips","/ocean/projects/bio200037p/sammlapp/song25_oven_aiid/training_results","/jet/projects/bio200037p/sml161/song25_oven_aiid/train_clips","3","false","","false","false","5","0","0.1048","0.0164","0.2281","0.078","0.2881","0.2546","0.2756","-3.2506","0.2546","0.5640239277813169","contrastive","1","resnet18","128","1","cuda:0","ssl_contrastive_point_loss","2","32","10","5","","","","","","0.17015841057397704","0.2270274335257627","0.007240532823780188","0.013890021365467985","0.10332238043081415","-3.3396878242492676","0.013890021365467985"
"SSL Contrastive 32ppb","0.016384200351760574","0.12705366922234393","finished","-","","loss, v2","2026-04-14T23:11:42.000Z","530","","7","3","tsne","","10000","SSL Contrastive 32ppb","/jet/projects/bio200037p/sml161/song25_oven_aiid/background_clips","/jet/projects/bio200037p/sml161/song25_oven_aiid/labeled_clips","/ocean/projects/bio200037p/sammlapp/song25_oven_aiid/training_results","/jet/projects/bio200037p/sml161/song25_oven_aiid/train_clips","3","false","","false","false","5","3","0.1322","0.015","0.2456","0.1012","0.273","0.2586","0.2738","-3.3401","0.2586","0.4125235840347078","contrastive","1","resnet18","128","1","cuda:0","ssl_contrastive_point_loss","2","32","10","5","","","","","","0.2415150202557076","0.0976801660684949","0.26052008376260877","0.2506578237391524","0.25994888645491054","-3.3400416374206543","0.25065782373915235"
"SSL Contrastive 32ppb","0.013891907728797538","0.12267250821467689","finished","-","","loss, v2","2026-04-14T22:54:34.000Z","483","","7","3","tsne","","10000","SSL Contrastive 32ppb","/jet/projects/bio200037p/sml161/song25_oven_aiid/background_clips","/jet/projects/bio200037p/sml161/song25_oven_aiid/labeled_clips","/ocean/projects/bio200037p/sammlapp/song25_oven_aiid/training_results","/jet/projects/bio200037p/sml161/song25_oven_aiid/train_clips","3","false","","false","false","5","9","0.1318","0.0139","0.2394","0.0888","0.2683","0.253","0.261","-3.3296","0.253","0.13533294591638778","contrastive","1","resnet18","128","1","cuda:0","ssl_contrastive_point_loss","2","32","10","5","","","","","","0.23920567224174688","0.10116481953614348","0.25973699486035834","0.24904890504747543","0.26140927345746623","-3.3345067501068115","0.24904890504747543"
"SSL Contrastive 32ppb","0.02103116103141602","0.10697334793720337","finished","-","","loss, v2","2026-04-14T22:21:00.000Z","444","","7","3","tsne","","10000","SSL Contrastive 32ppb","/jet/projects/bio200037p/sml161/song25_oven_aiid/background_clips","/jet/projects/bio200037p/sml161/song25_oven_aiid/labeled_clips","/ocean/projects/bio200037p/sammlapp/song25_oven_aiid/training_results","/jet/projects/bio200037p/sml161/song25_oven_aiid/train_clips","3","false","","false","false","5","","","","","","","","","","","","","1","resnet18","128","1","cuda:0","ssl_contrastive_point_loss","2","32","10","5","","","","","","0.3484361498486392","0.23565976435075725","0.0046959975958251856","0.009267099208208568","0.10697334793720337","-3.3404548168182373","0.00926709920820857"
"SSL Contrastive 32ppb","0.014950876573451588","0.10879883169039796","finished","-","","loss, v2","2026-04-14T23:02:40.000Z","537","","7","3","tsne","","10000","SSL Contrastive 32ppb","/jet/projects/bio200037p/sml161/song25_oven_aiid/background_clips","/jet/projects/bio200037p/sml161/song25_oven_aiid/labeled_clips","/ocean/projects/bio200037p/sammlapp/song25_oven_aiid/training_results","/jet/projects/bio200037p/sml161/song25_oven_aiid/train_clips","3","false","","false","false","5","3","0.1303","0.0139","0.2389","0.0933","0.2696","0.2534","0.2746","-3.3331","0.2534","0.27649495800336205","contrastive","1","resnet18","128","1","cuda:0","ssl_contrastive_point_loss","2","32","10","5","","","","","","0.2726046766905678","0.2334714728574685","0.007500131857633857","0.01459861421718554","0.10879883169039796","-3.3395917415618896","0.01459861421718554"